[debug] [2026-07-18T20:54:23.926Z] ----------------------------------------------------------------------
[debug] [2026-07-18T20:54:23.927Z] Command:       /opt/homebrew/Cellar/node/26.4.0/bin/node /opt/homebrew/bin/firebase emulators:start --only auth,firestore --project couple-organizer-8b245
[debug] [2026-07-18T20:54:23.927Z] CLI Version:   15.23.0
[debug] [2026-07-18T20:54:23.927Z] Platform:      darwin
[debug] [2026-07-18T20:54:23.927Z] Node Version:  v26.4.0
[debug] [2026-07-18T20:54:23.927Z] Detected Agent: unknown
[debug] [2026-07-18T20:54:23.927Z] Time:          Sat Jul 18 2026 22:54:23 GMT+0200 (Central European Summer Time)
[debug] [2026-07-18T20:54:23.927Z] ----------------------------------------------------------------------
[debug] 
[debug] [2026-07-18T20:54:24.366Z] > command requires scopes: ["email","openid","https://www.googleapis.com/auth/cloudplatformprojects.readonly","https://www.googleapis.com/auth/firebase","https://www.googleapis.com/auth/cloud-platform"]
[debug] [2026-07-18T20:54:24.366Z] > authorizing via signed-in user (mueller.webdev@gmail.com)
[debug] [2026-07-18T20:54:24.563Z] openjdk version "26.0.1" 2026-04-21

[debug] [2026-07-18T20:54:24.563Z] OpenJDK Runtime Environment Temurin-26.0.1+8 (build 26.0.1+8)
OpenJDK 64-Bit Server VM Temurin-26.0.1+8 (build 26.0.1+8, mixed mode, sharing)

[debug] [2026-07-18T20:54:24.567Z] Parsed Java major version: 26
[info] i  emulators: Starting emulators: auth, firestore {"metadata":{"emulator":{"name":"hub"},"message":"Starting emulators: auth, firestore"}}
[debug] [2026-07-18T20:54:29.874Z] [logging] Logging Emulator only supports listening on one address (127.0.0.1). Not listening on ::1
[debug] [2026-07-18T20:54:29.874Z] [auth] Authentication Emulator only supports listening on one address (127.0.0.1). Not listening on ::1
[debug] [2026-07-18T20:54:29.874Z] [firestore] Firestore Emulator only supports listening on one address (127.0.0.1). Not listening on ::1
[debug] [2026-07-18T20:54:29.874Z] [firestore.websocket] websocket server for firestore only supports listening on one address (127.0.0.1). Not listening on ::1
[debug] [2026-07-18T20:54:29.874Z] assigned listening specs for emulators {"user":{"hub":[{"address":"127.0.0.1","family":"IPv4","port":4400},{"address":"::1","family":"IPv6","port":4400}],"ui":[{"address":"127.0.0.1","family":"IPv4","port":4000},{"address":"::1","family":"IPv6","port":4000}],"logging":[{"address":"127.0.0.1","family":"IPv4","port":4500}],"auth":[{"address":"127.0.0.1","family":"IPv4","port":9099}],"firestore":[{"address":"127.0.0.1","family":"IPv4","port":8080}],"firestore.websocket":[{"address":"127.0.0.1","family":"IPv4","port":9150}]},"metadata":{"message":"assigned listening specs for emulators"}}
[debug] [2026-07-18T20:54:29.876Z] Write emulator hub locator at /var/folders/9c/qzxvdb9n4vqbsqszhqv2px600000gn/T/hub-couple-organizer-8b245.json
[info] i  firestore: downloading cloud-firestore-emulator-v1.21.0.jar... {"metadata":{"emulator":{"name":"firestore"},"message":"downloading cloud-firestore-emulator-v1.21.0.jar..."}}
[debug] [2026-07-18T20:54:29.879Z] >>> [apiv2][query] GET https://storage.googleapis.com/firebase-preview-drop/emulator/cloud-firestore-emulator-v1.21.0.jar 
[debug] [2026-07-18T20:54:30.089Z] <<< [apiv2][status] GET https://storage.googleapis.com/firebase-preview-drop/emulator/cloud-firestore-emulator-v1.21.0.jar 200
[debug] [2026-07-18T20:54:30.089Z] <<< [apiv2][body] GET https://storage.googleapis.com/firebase-preview-drop/emulator/cloud-firestore-emulator-v1.21.0.jar [stream]
[debug] [2026-07-18T20:55:19.666Z] Ignoring unsupported arg: auto_download {"metadata":{"emulator":{"name":"firestore"},"message":"Ignoring unsupported arg: auto_download"}}
[debug] [2026-07-18T20:55:19.666Z] Ignoring unsupported arg: single_project_mode_error {"metadata":{"emulator":{"name":"firestore"},"message":"Ignoring unsupported arg: single_project_mode_error"}}
[debug] [2026-07-18T20:55:19.666Z] Starting Firestore Emulator with command {"binary":"java","args":["-Dgoogle.cloud_firestore.debug_log_level=FINE","-Duser.language=en","-jar","/Users/christianmuller/.cache/firebase/emulators/cloud-firestore-emulator-v1.21.0.jar","--host","127.0.0.1","--port",8080,"--websocket_port",9150,"--database-edition","standard","--project_id","couple-organizer-8b245","--rules","/Users/christianmuller/Documents/__private/couple-organizer/firestore.rules","--single_project_mode",true],"optionalArgs":["port","webchannel_port","host","rules","websocket_port","database-edition","functions_emulator","seed_from_export","project_id","single_project_mode"],"joinArgs":false,"shell":false,"port":8080} {"metadata":{"emulator":{"name":"firestore"},"message":"Starting Firestore Emulator with command {\"binary\":\"java\",\"args\":[\"-Dgoogle.cloud_firestore.debug_log_level=FINE\",\"-Duser.language=en\",\"-jar\",\"/Users/christianmuller/.cache/firebase/emulators/cloud-firestore-emulator-v1.21.0.jar\",\"--host\",\"127.0.0.1\",\"--port\",8080,\"--websocket_port\",9150,\"--database-edition\",\"standard\",\"--project_id\",\"couple-organizer-8b245\",\"--rules\",\"/Users/christianmuller/Documents/__private/couple-organizer/firestore.rules\",\"--single_project_mode\",true],\"optionalArgs\":[\"port\",\"webchannel_port\",\"host\",\"rules\",\"websocket_port\",\"database-edition\",\"functions_emulator\",\"seed_from_export\",\"project_id\",\"single_project_mode\"],\"joinArgs\":false,\"shell\":false,\"port\":8080}"}}
[info] i  firestore: Firestore Emulator logging to firestore-debug.log {"metadata":{"emulator":{"name":"firestore"},"message":"Firestore Emulator logging to \u001b[1mfirestore-debug.log\u001b[22m"}}
[debug] [2026-07-18T20:55:19.934Z] WARNING: A terminally deprecated method in sun.misc.Unsafe has been called
WARNING: sun.misc.Unsafe::allocateMemory has been called by io.netty.util.internal.PlatformDependent0$2 (file:/Users/christianmuller/.cache/firebase/emulators/cloud-firestore-emulator-v1.21.0.jar)
WARNING: Please consider reporting this to the maintainers of class io.netty.util.internal.PlatformDependent0$2
WARNING: sun.misc.Unsafe::allocateMemory will be removed in a future release
 {"metadata":{"emulator":{"name":"firestore"},"message":"WARNING: A terminally deprecated method in sun.misc.Unsafe has been called\nWARNING: sun.misc.Unsafe::allocateMemory has been called by io.netty.util.internal.PlatformDependent0$2 (file:/Users/christianmuller/.cache/firebase/emulators/cloud-firestore-emulator-v1.21.0.jar)\nWARNING: Please consider reporting this to the maintainers of class io.netty.util.internal.PlatformDependent0$2\nWARNING: sun.misc.Unsafe::allocateMemory will be removed in a future release\n"}}
[debug] [2026-07-18T20:55:20.221Z] Jul 18, 2026 10:55:20 PM com.google.cloud.datastore.emulator.firestore.websocket.WebSocketServer start
INFO: Started WebSocket server on ws://127.0.0.1:9150
 {"metadata":{"emulator":{"name":"firestore"},"message":"Jul 18, 2026 10:55:20 PM com.google.cloud.datastore.emulator.firestore.websocket.WebSocketServer start\nINFO: Started WebSocket server on ws://127.0.0.1:9150\n"}}
[debug] [2026-07-18T20:55:20.229Z] 
API endpoint: http:// {"metadata":{"emulator":{"name":"firestore"},"message":"\nAPI endpoint: http://"}}
[debug] [2026-07-18T20:55:20.229Z] 127.0.0.1:8080
Database Edition: STANDARD
Database Mode: CLOUD_FIRESTORE

If you are using a library that supports the FIRESTORE_EMULATOR_HOST environment variable, run:

   export FIRESTORE_EMULATOR_HOST=127.0.0.1:8080

If you are running a Firestore in Datastore Mode project, run:

   export DATASTORE_EMULATOR_HOST=127.0.0.1:8080

Note: Support for Datastore Mode is in preview. If you encounter any bugs please file at https://github.com/firebase/firebase-tools/issues.
Dev App Server is now running.

 {"metadata":{"emulator":{"name":"firestore"},"message":"127.0.0.1:8080\nDatabase Edition: STANDARD\nDatabase Mode: CLOUD_FIRESTORE\n\nIf you are using a library that supports the FIRESTORE_EMULATOR_HOST environment variable, run:\n\n   export FIRESTORE_EMULATOR_HOST=127.0.0.1:8080\n\nIf you are running a Firestore in Datastore Mode project, run:\n\n   export DATASTORE_EMULATOR_HOST=127.0.0.1:8080\n\nNote: Support for Datastore Mode is in preview. If you encounter any bugs please file at https://github.com/firebase/firebase-tools/issues.\nDev App Server is now running.\n\n"}}
[info] ✔  firestore: Firestore Emulator was started in standard edition. {"metadata":{"emulator":{"name":"firestore"},"message":"Firestore Emulator was started in standard edition."}}
[info] ✔  firestore: Firestore Emulator UI websocket is running on 9150. {"metadata":{"emulator":{"name":"firestore"},"message":"Firestore Emulator UI websocket is running on 9150."}}
[info] i  ui: downloading ui-v1.15.0.zip... {"metadata":{"emulator":{"name":"ui"},"message":"downloading ui-v1.15.0.zip..."}}
[debug] [2026-07-18T20:55:21.734Z] >>> [apiv2][query] GET https://storage.googleapis.com/firebase-preview-drop/emulator/ui-v1.15.0.zip 
[debug] [2026-07-18T20:55:21.871Z] <<< [apiv2][status] GET https://storage.googleapis.com/firebase-preview-drop/emulator/ui-v1.15.0.zip 200
[debug] [2026-07-18T20:55:21.871Z] <<< [apiv2][body] GET https://storage.googleapis.com/firebase-preview-drop/emulator/ui-v1.15.0.zip [stream]
[debug] [2026-07-18T20:55:23.107Z] Data is 3538469
[debug] [2026-07-18T20:55:23.107Z] [unzip] Entry: client/ (compressed_size=0 bytes, uncompressed_size=0 bytes)
[debug] [2026-07-18T20:55:23.107Z] [unzip] Processing entry: client/
[debug] [2026-07-18T20:55:23.107Z] [unzip] mkdir: /Users/christianmuller/.cache/firebase/emulators/ui-v1.15.0/client/
[debug] [2026-07-18T20:55:23.107Z] [unzip] Entry: client/favicon-16x16.png (compressed_size=293 bytes, uncompressed_size=293 bytes)
[debug] [2026-07-18T20:55:23.107Z] [unzip] Processing entry: client/favicon-16x16.png
[debug] [2026-07-18T20:55:23.107Z] [unzip] else mkdir: /Users/christianmuller/.cache/firebase/emulators/ui-v1.15.0/client
[debug] [2026-07-18T20:55:23.107Z] [unzip] Writing file: /Users/christianmuller/.cache/firebase/emulators/ui-v1.15.0/client/favicon-16x16.png
[debug] [2026-07-18T20:55:23.108Z] [unzip] Entry: client/safari-pinned-tab.svg (compressed_size=1433 bytes, uncompressed_size=2611 bytes)
[debug] [2026-07-18T20:55:23.108Z] [unzip] Processing entry: client/safari-pinned-tab.svg
[debug] [2026-07-18T20:55:23.108Z] [unzip] else mkdir: /Users/christianmuller/.cache/firebase/emulators/ui-v1.15.0/client
[debug] [2026-07-18T20:55:23.108Z] [unzip] deflating: /Users/christianmuller/.cache/firebase/emulators/ui-v1.15.0/client/safari-pinned-tab.svg
[debug] [2026-07-18T20:55:23.110Z] [unzip] Entry: client/favicon.ico (compressed_size=2933 bytes, uncompressed_size=13294 bytes)
[debug] [2026-07-18T20:55:23.110Z] [unzip] Processing entry: client/favicon.ico
[debug] [2026-07-18T20:55:23.110Z] [unzip] else mkdir: /Users/christianmuller/.cache/firebase/emulators/ui-v1.15.0/client
[debug] [2026-07-18T20:55:23.110Z] [unzip] deflating: /Users/christianmuller/.cache/firebase/emulators/ui-v1.15.0/client/favicon.ico
[debug] [2026-07-18T20:55:23.111Z] [unzip] Entry: client/index.html (compressed_size=1364 bytes, uncompressed_size=3071 bytes)
[debug] [2026-07-18T20:55:23.111Z] [unzip] Processing entry: client/index.html
[debug] [2026-07-18T20:55:23.111Z] [unzip] else mkdir: /Users/christianmuller/.cache/firebase/emulators/ui-v1.15.0/client
[debug] [2026-07-18T20:55:23.111Z] [unzip] deflating: /Users/christianmuller/.cache/firebase/emulators/ui-v1.15.0/client/index.html
[debug] [2026-07-18T20:55:23.112Z] [unzip] Entry: client/android-chrome-192x192.png (compressed_size=2684 bytes, uncompressed_size=2684 bytes)
[debug] [2026-07-18T20:55:23.112Z] [unzip] Processing entry: client/android-chrome-192x192.png
[debug] [2026-07-18T20:55:23.112Z] [unzip] else mkdir: /Users/christianmuller/.cache/firebase/emulators/ui-v1.15.0/client
[debug] [2026-07-18T20:55:23.112Z] [unzip] Writing file: /Users/christianmuller/.cache/firebase/emulators/ui-v1.15.0/client/android-chrome-192x192.png
[debug] [2026-07-18T20:55:23.112Z] [unzip] Entry: client/apple-touch-icon.png (compressed_size=2123 bytes, uncompressed_size=2152 bytes)
[debug] [2026-07-18T20:55:23.112Z] [unzip] Processing entry: client/apple-touch-icon.png
[debug] [2026-07-18T20:55:23.112Z] [unzip] else mkdir: /Users/christianmuller/.cache/firebase/emulators/ui-v1.15.0/client
[debug] [2026-07-18T20:55:23.112Z] [unzip] deflating: /Users/christianmuller/.cache/firebase/emulators/ui-v1.15.0/client/apple-touch-icon.png
[debug] [2026-07-18T20:55:23.112Z] [unzip] Entry: client/android-chrome-512x512.png (compressed_size=5369 bytes, uncompressed_size=5411 bytes)
[debug] [2026-07-18T20:55:23.112Z] [unzip] Processing entry: client/android-chrome-512x512.png
[debug] [2026-07-18T20:55:23.112Z] [unzip] else mkdir: /Users/christianmuller/.cache/firebase/emulators/ui-v1.15.0/client
[debug] [2026-07-18T20:55:23.113Z] [unzip] deflating: /Users/christianmuller/.cache/firebase/emulators/ui-v1.15.0/client/android-chrome-512x512.png
[debug] [2026-07-18T20:55:23.113Z] [unzip] Entry: client/manifest.json (compressed_size=245 bytes, uncompressed_size=551 bytes)
[debug] [2026-07-18T20:55:23.113Z] [unzip] Processing entry: client/manifest.json
[debug] [2026-07-18T20:55:23.113Z] [unzip] else mkdir: /Users/christianmuller/.cache/firebase/emulators/ui-v1.15.0/client
[debug] [2026-07-18T20:55:23.113Z] [unzip] deflating: /Users/christianmuller/.cache/firebase/emulators/ui-v1.15.0/client/manifest.json
[debug] [2026-07-18T20:55:23.113Z] [unzip] Entry: client/robots.txt (compressed_size=26 bytes, uncompressed_size=26 bytes)
[debug] [2026-07-18T20:55:23.114Z] [unzip] Processing entry: client/robots.txt
[debug] [2026-07-18T20:55:23.114Z] [unzip] else mkdir: /Users/christianmuller/.cache/firebase/emulators/ui-v1.15.0/client
[debug] [2026-07-18T20:55:23.114Z] [unzip] Writing file: /Users/christianmuller/.cache/firebase/emulators/ui-v1.15.0/client/robots.txt
[debug] [2026-07-18T20:55:23.114Z] [unzip] Entry: client/mstile-150x150.png (compressed_size=2034 bytes, uncompressed_size=2034 bytes)
[debug] [2026-07-18T20:55:23.114Z] [unzip] Processing entry: client/mstile-150x150.png
[debug] [2026-07-18T20:55:23.114Z] [unzip] else mkdir: /Users/christianmuller/.cache/firebase/emulators/ui-v1.15.0/client
[debug] [2026-07-18T20:55:23.114Z] [unzip] Writing file: /Users/christianmuller/.cache/firebase/emulators/ui-v1.15.0/client/mstile-150x150.png
[debug] [2026-07-18T20:55:23.114Z] [unzip] Entry: client/assets/ (compressed_size=0 bytes, uncompressed_size=0 bytes)
[debug] [2026-07-18T20:55:23.114Z] [unzip] Processing entry: client/assets/
[debug] [2026-07-18T20:55:23.114Z] [unzip] mkdir: /Users/christianmuller/.cache/firebase/emulators/ui-v1.15.0/client/assets/
[debug] [2026-07-18T20:55:23.114Z] [unzip] Entry: client/assets/index-BX-A56oj.js (compressed_size=582089 bytes, uncompressed_size=2092775 bytes)
[debug] [2026-07-18T20:55:23.114Z] [unzip] Processing entry: client/assets/index-BX-A56oj.js
[debug] [2026-07-18T20:55:23.114Z] [unzip] else mkdir: /Users/christianmuller/.cache/firebase/emulators/ui-v1.15.0/client/assets
[debug] [2026-07-18T20:55:23.114Z] [unzip] deflating: /Users/christianmuller/.cache/firebase/emulators/ui-v1.15.0/client/assets/index-BX-A56oj.js
[debug] [2026-07-18T20:55:23.120Z] [unzip] Entry: client/assets/index-CjB9C900.css (compressed_size=35979 bytes, uncompressed_size=298654 bytes)
[debug] [2026-07-18T20:55:23.120Z] [unzip] Processing entry: client/assets/index-CjB9C900.css
[debug] [2026-07-18T20:55:23.120Z] [unzip] else mkdir: /Users/christianmuller/.cache/firebase/emulators/ui-v1.15.0/client/assets
[debug] [2026-07-18T20:55:23.120Z] [unzip] deflating: /Users/christianmuller/.cache/firebase/emulators/ui-v1.15.0/client/assets/index-CjB9C900.css
[debug] [2026-07-18T20:55:23.121Z] [unzip] Entry: client/assets/index-BX-A56oj.js.map (compressed_size=2362482 bytes, uncompressed_size=10036679 bytes)
[debug] [2026-07-18T20:55:23.121Z] [unzip] Processing entry: client/assets/index-BX-A56oj.js.map
[debug] [2026-07-18T20:55:23.121Z] [unzip] else mkdir: /Users/christianmuller/.cache/firebase/emulators/ui-v1.15.0/client/assets
[debug] [2026-07-18T20:55:23.121Z] [unzip] deflating: /Users/christianmuller/.cache/firebase/emulators/ui-v1.15.0/client/assets/index-BX-A56oj.js.map
[debug] [2026-07-18T20:55:23.141Z] [unzip] Entry: client/assets/extensions/ (compressed_size=0 bytes, uncompressed_size=0 bytes)
[debug] [2026-07-18T20:55:23.141Z] [unzip] Processing entry: client/assets/extensions/
[debug] [2026-07-18T20:55:23.141Z] [unzip] mkdir: /Users/christianmuller/.cache/firebase/emulators/ui-v1.15.0/client/assets/extensions/
[debug] [2026-07-18T20:55:23.141Z] [unzip] Entry: client/assets/extensions/default-extension.png (compressed_size=1646 bytes, uncompressed_size=1657 bytes)
[debug] [2026-07-18T20:55:23.141Z] [unzip] Processing entry: client/assets/extensions/default-extension.png
[debug] [2026-07-18T20:55:23.141Z] [unzip] else mkdir: /Users/christianmuller/.cache/firebase/emulators/ui-v1.15.0/client/assets/extensions
[debug] [2026-07-18T20:55:23.141Z] [unzip] deflating: /Users/christianmuller/.cache/firebase/emulators/ui-v1.15.0/client/assets/extensions/default-extension.png
[debug] [2026-07-18T20:55:23.141Z] [unzip] Entry: client/assets/img/ (compressed_size=0 bytes, uncompressed_size=0 bytes)
[debug] [2026-07-18T20:55:23.141Z] [unzip] Processing entry: client/assets/img/
[debug] [2026-07-18T20:55:23.141Z] [unzip] mkdir: /Users/christianmuller/.cache/firebase/emulators/ui-v1.15.0/client/assets/img/
[debug] [2026-07-18T20:55:23.141Z] [unzip] Entry: client/assets/img/database.png (compressed_size=29449 bytes, uncompressed_size=29988 bytes)
[debug] [2026-07-18T20:55:23.141Z] [unzip] Processing entry: client/assets/img/database.png
[debug] [2026-07-18T20:55:23.141Z] [unzip] else mkdir: /Users/christianmuller/.cache/firebase/emulators/ui-v1.15.0/client/assets/img
[debug] [2026-07-18T20:55:23.141Z] [unzip] deflating: /Users/christianmuller/.cache/firebase/emulators/ui-v1.15.0/client/assets/img/database.png
[debug] [2026-07-18T20:55:23.142Z] [unzip] Entry: client/assets/provider-icons/ (compressed_size=0 bytes, uncompressed_size=0 bytes)
[debug] [2026-07-18T20:55:23.142Z] [unzip] Processing entry: client/assets/provider-icons/
[debug] [2026-07-18T20:55:23.142Z] [unzip] mkdir: /Users/christianmuller/.cache/firebase/emulators/ui-v1.15.0/client/assets/provider-icons/
[debug] [2026-07-18T20:55:23.142Z] [unzip] Entry: client/assets/provider-icons/auth_service_saml.svg (compressed_size=575 bytes, uncompressed_size=1226 bytes)
[debug] [2026-07-18T20:55:23.142Z] [unzip] Processing entry: client/assets/provider-icons/auth_service_saml.svg
[debug] [2026-07-18T20:55:23.142Z] [unzip] else mkdir: /Users/christianmuller/.cache/firebase/emulators/ui-v1.15.0/client/assets/provider-icons
[debug] [2026-07-18T20:55:23.142Z] [unzip] deflating: /Users/christianmuller/.cache/firebase/emulators/ui-v1.15.0/client/assets/provider-icons/auth_service_saml.svg
[debug] [2026-07-18T20:55:23.142Z] [unzip] Entry: client/assets/provider-icons/auth_service_phone.svg (compressed_size=261 bytes, uncompressed_size=414 bytes)
[debug] [2026-07-18T20:55:23.142Z] [unzip] Processing entry: client/assets/provider-icons/auth_service_phone.svg
[debug] [2026-07-18T20:55:23.142Z] [unzip] else mkdir: /Users/christianmuller/.cache/firebase/emulators/ui-v1.15.0/client/assets/provider-icons
[debug] [2026-07-18T20:55:23.142Z] [unzip] deflating: /Users/christianmuller/.cache/firebase/emulators/ui-v1.15.0/client/assets/provider-icons/auth_service_phone.svg
[debug] [2026-07-18T20:55:23.142Z] [unzip] Entry: client/assets/provider-icons/auth_service_facebook.svg (compressed_size=289 bytes, uncompressed_size=457 bytes)
[debug] [2026-07-18T20:55:23.142Z] [unzip] Processing entry: client/assets/provider-icons/auth_service_facebook.svg
[debug] [2026-07-18T20:55:23.142Z] [unzip] else mkdir: /Users/christianmuller/.cache/firebase/emulators/ui-v1.15.0/client/assets/provider-icons
[debug] [2026-07-18T20:55:23.142Z] [unzip] deflating: /Users/christianmuller/.cache/firebase/emulators/ui-v1.15.0/client/assets/provider-icons/auth_service_facebook.svg
[debug] [2026-07-18T20:55:23.143Z] [unzip] Entry: client/assets/provider-icons/auth_service_game_center.svg (compressed_size=991 bytes, uncompressed_size=3921 bytes)
[debug] [2026-07-18T20:55:23.143Z] [unzip] Processing entry: client/assets/provider-icons/auth_service_game_center.svg
[debug] [2026-07-18T20:55:23.143Z] [unzip] else mkdir: /Users/christianmuller/.cache/firebase/emulators/ui-v1.15.0/client/assets/provider-icons
[debug] [2026-07-18T20:55:23.143Z] [unzip] deflating: /Users/christianmuller/.cache/firebase/emulators/ui-v1.15.0/client/assets/provider-icons/auth_service_game_center.svg
[debug] [2026-07-18T20:55:23.143Z] [unzip] Entry: client/assets/provider-icons/auth_service_apple.svg (compressed_size=230 bytes, uncompressed_size=334 bytes)
[debug] [2026-07-18T20:55:23.143Z] [unzip] Processing entry: client/assets/provider-icons/auth_service_apple.svg
[debug] [2026-07-18T20:55:23.143Z] [unzip] else mkdir: /Users/christianmuller/.cache/firebase/emulators/ui-v1.15.0/client/assets/provider-icons
[debug] [2026-07-18T20:55:23.143Z] [unzip] deflating: /Users/christianmuller/.cache/firebase/emulators/ui-v1.15.0/client/assets/provider-icons/auth_service_apple.svg
[debug] [2026-07-18T20:55:23.143Z] [unzip] Entry: client/assets/provider-icons/auth_service_github.svg (compressed_size=466 bytes, uncompressed_size=838 bytes)
[debug] [2026-07-18T20:55:23.143Z] [unzip] Processing entry: client/assets/provider-icons/auth_service_github.svg
[debug] [2026-07-18T20:55:23.143Z] [unzip] else mkdir: /Users/christianmuller/.cache/firebase/emulators/ui-v1.15.0/client/assets/provider-icons
[debug] [2026-07-18T20:55:23.143Z] [unzip] deflating: /Users/christianmuller/.cache/firebase/emulators/ui-v1.15.0/client/assets/provider-icons/auth_service_github.svg
[debug] [2026-07-18T20:55:23.144Z] [unzip] Entry: client/assets/provider-icons/auth_service_mslive.svg (compressed_size=203 bytes, uncompressed_size=378 bytes)
[debug] [2026-07-18T20:55:23.144Z] [unzip] Processing entry: client/assets/provider-icons/auth_service_mslive.svg
[debug] [2026-07-18T20:55:23.144Z] [unzip] else mkdir: /Users/christianmuller/.cache/firebase/emulators/ui-v1.15.0/client/assets/provider-icons
[debug] [2026-07-18T20:55:23.144Z] [unzip] deflating: /Users/christianmuller/.cache/firebase/emulators/ui-v1.15.0/client/assets/provider-icons/auth_service_mslive.svg
[debug] [2026-07-18T20:55:23.144Z] [unzip] Entry: client/assets/provider-icons/auth_service_yahoo.svg (compressed_size=577 bytes, uncompressed_size=1182 bytes)
[debug] [2026-07-18T20:55:23.144Z] [unzip] Processing entry: client/assets/provider-icons/auth_service_yahoo.svg
[debug] [2026-07-18T20:55:23.144Z] [unzip] else mkdir: /Users/christianmuller/.cache/firebase/emulators/ui-v1.15.0/client/assets/provider-icons
[debug] [2026-07-18T20:55:23.144Z] [unzip] deflating: /Users/christianmuller/.cache/firebase/emulators/ui-v1.15.0/client/assets/provider-icons/auth_service_yahoo.svg
[debug] [2026-07-18T20:55:23.144Z] [unzip] Entry: client/assets/provider-icons/auth_service_twitter.svg (compressed_size=444 bytes, uncompressed_size=751 bytes)
[debug] [2026-07-18T20:55:23.144Z] [unzip] Processing entry: client/assets/provider-icons/auth_service_twitter.svg
[debug] [2026-07-18T20:55:23.144Z] [unzip] else mkdir: /Users/christianmuller/.cache/firebase/emulators/ui-v1.15.0/client/assets/provider-icons
[debug] [2026-07-18T20:55:23.144Z] [unzip] deflating: /Users/christianmuller/.cache/firebase/emulators/ui-v1.15.0/client/assets/provider-icons/auth_service_twitter.svg
[debug] [2026-07-18T20:55:23.144Z] [unzip] Entry: client/assets/provider-icons/auth_service_play_games.svg (compressed_size=565 bytes, uncompressed_size=1173 bytes)
[debug] [2026-07-18T20:55:23.144Z] [unzip] Processing entry: client/assets/provider-icons/auth_service_play_games.svg
[debug] [2026-07-18T20:55:23.144Z] [unzip] else mkdir: /Users/christianmuller/.cache/firebase/emulators/ui-v1.15.0/client/assets/provider-icons
[debug] [2026-07-18T20:55:23.144Z] [unzip] deflating: /Users/christianmuller/.cache/firebase/emulators/ui-v1.15.0/client/assets/provider-icons/auth_service_play_games.svg
[debug] [2026-07-18T20:55:23.145Z] [unzip] Entry: client/assets/provider-icons/auth_service_email.svg (compressed_size=228 bytes, uncompressed_size=326 bytes)
[debug] [2026-07-18T20:55:23.145Z] [unzip] Processing entry: client/assets/provider-icons/auth_service_email.svg
[debug] [2026-07-18T20:55:23.145Z] [unzip] else mkdir: /Users/christianmuller/.cache/firebase/emulators/ui-v1.15.0/client/assets/provider-icons
[debug] [2026-07-18T20:55:23.145Z] [unzip] deflating: /Users/christianmuller/.cache/firebase/emulators/ui-v1.15.0/client/assets/provider-icons/auth_service_email.svg
[debug] [2026-07-18T20:55:23.145Z] [unzip] Entry: client/assets/provider-icons/auth_service_google.svg (compressed_size=409 bytes, uncompressed_size=720 bytes)
[debug] [2026-07-18T20:55:23.145Z] [unzip] Processing entry: client/assets/provider-icons/auth_service_google.svg
[debug] [2026-07-18T20:55:23.145Z] [unzip] else mkdir: /Users/christianmuller/.cache/firebase/emulators/ui-v1.15.0/client/assets/provider-icons
[debug] [2026-07-18T20:55:23.145Z] [unzip] deflating: /Users/christianmuller/.cache/firebase/emulators/ui-v1.15.0/client/assets/provider-icons/auth_service_google.svg
[debug] [2026-07-18T20:55:23.145Z] [unzip] Entry: client/assets/provider-icons/auth_service_oidc.svg (compressed_size=414 bytes, uncompressed_size=858 bytes)
[debug] [2026-07-18T20:55:23.145Z] [unzip] Processing entry: client/assets/provider-icons/auth_service_oidc.svg
[debug] [2026-07-18T20:55:23.145Z] [unzip] else mkdir: /Users/christianmuller/.cache/firebase/emulators/ui-v1.15.0/client/assets/provider-icons
[debug] [2026-07-18T20:55:23.145Z] [unzip] deflating: /Users/christianmuller/.cache/firebase/emulators/ui-v1.15.0/client/assets/provider-icons/auth_service_oidc.svg
[debug] [2026-07-18T20:55:23.145Z] [unzip] Entry: client/browserconfig.xml (compressed_size=491 bytes, uncompressed_size=822 bytes)
[debug] [2026-07-18T20:55:23.145Z] [unzip] Processing entry: client/browserconfig.xml
[debug] [2026-07-18T20:55:23.145Z] [unzip] else mkdir: /Users/christianmuller/.cache/firebase/emulators/ui-v1.15.0/client
[debug] [2026-07-18T20:55:23.145Z] [unzip] deflating: /Users/christianmuller/.cache/firebase/emulators/ui-v1.15.0/client/browserconfig.xml
[debug] [2026-07-18T20:55:23.146Z] [unzip] Entry: client/favicon-32x32.png (compressed_size=475 bytes, uncompressed_size=475 bytes)
[debug] [2026-07-18T20:55:23.146Z] [unzip] Processing entry: client/favicon-32x32.png
[debug] [2026-07-18T20:55:23.146Z] [unzip] else mkdir: /Users/christianmuller/.cache/firebase/emulators/ui-v1.15.0/client
[debug] [2026-07-18T20:55:23.146Z] [unzip] Writing file: /Users/christianmuller/.cache/firebase/emulators/ui-v1.15.0/client/favicon-32x32.png
[debug] [2026-07-18T20:55:23.146Z] [unzip] Entry: server/ (compressed_size=0 bytes, uncompressed_size=0 bytes)
[debug] [2026-07-18T20:55:23.146Z] [unzip] Processing entry: server/
[debug] [2026-07-18T20:55:23.146Z] [unzip] mkdir: /Users/christianmuller/.cache/firebase/emulators/ui-v1.15.0/server/
[debug] [2026-07-18T20:55:23.146Z] [unzip] Entry: server/server.mjs.map (compressed_size=217845 bytes, uncompressed_size=944978 bytes)
[debug] [2026-07-18T20:55:23.146Z] [unzip] Processing entry: server/server.mjs.map
[debug] [2026-07-18T20:55:23.146Z] [unzip] else mkdir: /Users/christianmuller/.cache/firebase/emulators/ui-v1.15.0/server
[debug] [2026-07-18T20:55:23.146Z] [unzip] deflating: /Users/christianmuller/.cache/firebase/emulators/ui-v1.15.0/server/server.mjs.map
[debug] [2026-07-18T20:55:23.148Z] [unzip] Entry: server/server.mjs (compressed_size=276407 bytes, uncompressed_size=933701 bytes)
[debug] [2026-07-18T20:55:23.148Z] [unzip] Processing entry: server/server.mjs
[debug] [2026-07-18T20:55:23.148Z] [unzip] else mkdir: /Users/christianmuller/.cache/firebase/emulators/ui-v1.15.0/server
[debug] [2026-07-18T20:55:23.148Z] [unzip] deflating: /Users/christianmuller/.cache/firebase/emulators/ui-v1.15.0/server/server.mjs
[debug] [2026-07-18T20:55:23.153Z] Could not find VSCode notification endpoint: TypeError: fetch failed. If you are not running the Firebase SQL Connect VSCode extension, this is expected and not an issue.
[info] 
┌─────────────────────────────────────────────────────────────┐
│ ✔  All emulators ready! It is now safe to connect your app. │
│ i  View Emulator UI at http://127.0.0.1:4000/               │
└─────────────────────────────────────────────────────────────┘

┌────────────────┬────────────────┬─────────────────────────────────┐
│ Emulator       │ Host:Port      │ View in Emulator UI             │
├────────────────┼────────────────┼─────────────────────────────────┤
│ Authentication │ 127.0.0.1:9099 │ http://127.0.0.1:4000/auth      │
├────────────────┼────────────────┼─────────────────────────────────┤
│ Firestore      │ 127.0.0.1:8080 │ http://127.0.0.1:4000/firestore │
└────────────────┴────────────────┴─────────────────────────────────┘
  Emulator Hub host: 127.0.0.1 port: 4400
  Other reserved ports: 4500, 9150

Issues? Report them at https://github.com/firebase/firebase-tools/issues and attach the *-debug.log files.
 
[debug] [2026-07-18T20:55:34.294Z] Jul 18, 2026 10:55:34 PM com.google.cloud.datastore.emulator.firestore.websocket.WebSocketChannelHandler initChannel
INFO: Connected to new websocket client
 {"metadata":{"emulator":{"name":"firestore"},"message":"Jul 18, 2026 10:55:34 PM com.google.cloud.datastore.emulator.firestore.websocket.WebSocketChannelHandler initChannel\nINFO: Connected to new websocket client\n"}}
[debug] [2026-07-18T20:55:43.951Z] Jul 18, 2026 10:55:43 PM com.google.cloud.datastore.emulator.firestore.websocket.WebSocketChannelHandler initChannel
INFO: Connected to new websocket client
 {"metadata":{"emulator":{"name":"firestore"},"message":"Jul 18, 2026 10:55:43 PM com.google.cloud.datastore.emulator.firestore.websocket.WebSocketChannelHandler initChannel\nINFO: Connected to new websocket client\n"}}
[debug] [2026-07-18T20:56:16.678Z] Jul 18, 2026 10:56:16 PM io.gapi.emulators.netty.HttpVersionRoutingHandler channelRead
INFO: Detected HTTP/2 connection.
 {"metadata":{"emulator":{"name":"firestore"},"message":"Jul 18, 2026 10:56:16 PM io.gapi.emulators.netty.HttpVersionRoutingHandler channelRead\nINFO: Detected HTTP/2 connection.\n"}}
[debug] [2026-07-18T20:56:16.711Z] Jul 18, 2026 10:56:16 PM io.grpc.netty.TcpMetrics loadEpollInfo
INFO: Epoll available during static init of TcpMetrics:false
 {"metadata":{"emulator":{"name":"firestore"},"message":"Jul 18, 2026 10:56:16 PM io.grpc.netty.TcpMetrics loadEpollInfo\nINFO: Epoll available during static init of TcpMetrics:false\n"}}
[debug] [2026-07-18T20:56:50.455Z] Jul 18, 2026 10:56:50 PM io.gapi.emulators.netty.HttpVersionRoutingHandler channelRead
INFO: Detected non-HTTP/2 connection.
 {"metadata":{"emulator":{"name":"firestore"},"message":"Jul 18, 2026 10:56:50 PM io.gapi.emulators.netty.HttpVersionRoutingHandler channelRead\nINFO: Detected non-HTTP/2 connection.\n"}}
[debug] [2026-07-18T20:56:50.586Z] Jul 18, 2026 10:56:50 PM io.gapi.emulators.netty.HttpVersionRoutingHandler channelRead
INFO: Detected non-HTTP/2 connection.
 {"metadata":{"emulator":{"name":"firestore"},"message":"Jul 18, 2026 10:56:50 PM io.gapi.emulators.netty.HttpVersionRoutingHandler channelRead\nINFO: Detected non-HTTP/2 connection.\n"}}
[debug] [2026-07-18T20:56:50.596Z] Jul 18, 2026 10:56:50 PM io.gapi.emulators.netty.HttpVersionRoutingHandler channelRead
INFO: Detected non-HTTP/2 connection.
 {"metadata":{"emulator":{"name":"firestore"},"message":"Jul 18, 2026 10:56:50 PM io.gapi.emulators.netty.HttpVersionRoutingHandler channelRead\nINFO: Detected non-HTTP/2 connection.\n"}}
[debug] [2026-07-18T20:56:50.606Z] Jul 18, 2026 10:56:50 PM io.gapi.emulators.netty.HttpVersionRoutingHandler channelRead
INFO: Detected non-HTTP/2 connection.
 {"metadata":{"emulator":{"name":"firestore"},"message":"Jul 18, 2026 10:56:50 PM io.gapi.emulators.netty.HttpVersionRoutingHandler channelRead\nINFO: Detected non-HTTP/2 connection.\n"}}
[debug] [2026-07-18T20:56:50.787Z] Jul 18, 2026 10:56:50 PM io.gapi.emulators.netty.HttpVersionRoutingHandler channelRead
INFO: Detected non-HTTP/2 connection.
 {"metadata":{"emulator":{"name":"firestore"},"message":"Jul 18, 2026 10:56:50 PM io.gapi.emulators.netty.HttpVersionRoutingHandler channelRead\nINFO: Detected non-HTTP/2 connection.\n"}}
[debug] [2026-07-18T20:56:50.835Z] Jul 18, 2026 10:56:50 PM io.gapi.emulators.netty.HttpVersionRoutingHandler channelRead
INFO: Detected non-HTTP/2 connection.
 {"metadata":{"emulator":{"name":"firestore"},"message":"Jul 18, 2026 10:56:50 PM io.gapi.emulators.netty.HttpVersionRoutingHandler channelRead\nINFO: Detected non-HTTP/2 connection.\n"}}
[debug] [2026-07-18T20:56:55.661Z] Jul 18, 2026 10:56:55 PM io.gapi.emulators.netty.HttpVersionRoutingHandler channelRead
INFO: Detected non-HTTP/2 connection.
 {"metadata":{"emulator":{"name":"firestore"},"message":"Jul 18, 2026 10:56:55 PM io.gapi.emulators.netty.HttpVersionRoutingHandler channelRead\nINFO: Detected non-HTTP/2 connection.\n"}}
[debug] [2026-07-18T20:56:55.668Z] Jul 18, 2026 10:56:55 PM io.gapi.emulators.netty.HttpVersionRoutingHandler channelRead
INFO: Detected non-HTTP/2 connection.
 {"metadata":{"emulator":{"name":"firestore"},"message":"Jul 18, 2026 10:56:55 PM io.gapi.emulators.netty.HttpVersionRoutingHandler channelRead\nINFO: Detected non-HTTP/2 connection.\n"}}
[debug] [2026-07-18T20:56:55.678Z] Jul 18, 2026 10:56:55 PM io.gapi.emulators.netty.HttpVersionRoutingHandler channelRead
INFO: Detected non-HTTP/2 connection.
 {"metadata":{"emulator":{"name":"firestore"},"message":"Jul 18, 2026 10:56:55 PM io.gapi.emulators.netty.HttpVersionRoutingHandler channelRead\nINFO: Detected non-HTTP/2 connection.\n"}}
[debug] [2026-07-18T20:57:09.523Z] Jul 18, 2026 10:57:09 PM io.gapi.emulators.netty.HttpVersionRoutingHandler channelRead
INFO: Detected non-HTTP/2 connection.
 {"metadata":{"emulator":{"name":"firestore"},"message":"Jul 18, 2026 10:57:09 PM io.gapi.emulators.netty.HttpVersionRoutingHandler channelRead\nINFO: Detected non-HTTP/2 connection.\n"}}
[debug] [2026-07-18T20:57:09.531Z] Jul 18, 2026 10:57:09 PM io.gapi.emulators.netty.HttpVersionRoutingHandler channelRead
INFO: Detected non-HTTP/2 connection.
 {"metadata":{"emulator":{"name":"firestore"},"message":"Jul 18, 2026 10:57:09 PM io.gapi.emulators.netty.HttpVersionRoutingHandler channelRead\nINFO: Detected non-HTTP/2 connection.\n"}}
[debug] [2026-07-18T20:57:09.578Z] Jul 18, 2026 10:57:09 PM io.gapi.emulators.netty.HttpVersionRoutingHandler channelRead
INFO: Detected non-HTTP/2 connection.
 {"metadata":{"emulator":{"name":"firestore"},"message":"Jul 18, 2026 10:57:09 PM io.gapi.emulators.netty.HttpVersionRoutingHandler channelRead\nINFO: Detected non-HTTP/2 connection.\n"}}
[debug] [2026-07-18T20:57:20.021Z] Jul 18, 2026 10:57:20 PM io.gapi.emulators.netty.HttpVersionRoutingHandler channelRead
INFO: Detected non-HTTP/2 connection.
 {"metadata":{"emulator":{"name":"firestore"},"message":"Jul 18, 2026 10:57:20 PM io.gapi.emulators.netty.HttpVersionRoutingHandler channelRead\nINFO: Detected non-HTTP/2 connection.\n"}}
[debug] [2026-07-18T20:57:20.032Z] Jul 18, 2026 10:57:20 PM io.gapi.emulators.netty.HttpVersionRoutingHandler channelRead
INFO: Detected non-HTTP/2 connection.
 {"metadata":{"emulator":{"name":"firestore"},"message":"Jul 18, 2026 10:57:20 PM io.gapi.emulators.netty.HttpVersionRoutingHandler channelRead\nINFO: Detected non-HTTP/2 connection.\n"}}
[debug] [2026-07-18T20:57:20.036Z] Jul 18, 2026 10:57:20 PM io.gapi.emulators.netty.HttpVersionRoutingHandler channelRead
INFO: Detected non-HTTP/2 connection.
 {"metadata":{"emulator":{"name":"firestore"},"message":"Jul 18, 2026 10:57:20 PM io.gapi.emulators.netty.HttpVersionRoutingHandler channelRead\nINFO: Detected non-HTTP/2 connection.\n"}}
[debug] [2026-07-18T20:57:20.819Z] Jul 18, 2026 10:57:20 PM io.gapi.emulators.netty.HttpVersionRoutingHandler channelRead
INFO: Detected non-HTTP/2 connection.
 {"metadata":{"emulator":{"name":"firestore"},"message":"Jul 18, 2026 10:57:20 PM io.gapi.emulators.netty.HttpVersionRoutingHandler channelRead\nINFO: Detected non-HTTP/2 connection.\n"}}
[debug] [2026-07-18T20:57:50.841Z] Jul 18, 2026 10:57:50 PM io.gapi.emulators.netty.HttpVersionRoutingHandler channelRead
INFO: Detected non-HTTP/2 connection.
 {"metadata":{"emulator":{"name":"firestore"},"message":"Jul 18, 2026 10:57:50 PM io.gapi.emulators.netty.HttpVersionRoutingHandler channelRead\nINFO: Detected non-HTTP/2 connection.\n"}}
[debug] [2026-07-18T20:57:52.953Z] Jul 18, 2026 10:57:52 PM io.gapi.emulators.netty.HttpVersionRoutingHandler channelRead
INFO: Detected non-HTTP/2 connection.
 {"metadata":{"emulator":{"name":"firestore"},"message":"Jul 18, 2026 10:57:52 PM io.gapi.emulators.netty.HttpVersionRoutingHandler channelRead\nINFO: Detected non-HTTP/2 connection.\n"}}
[debug] [2026-07-18T20:57:52.980Z] Jul 18, 2026 10:57:52 PM io.gapi.emulators.netty.HttpVersionRoutingHandler channelRead
INFO: Detected non-HTTP/2 connection.
 {"metadata":{"emulator":{"name":"firestore"},"message":"Jul 18, 2026 10:57:52 PM io.gapi.emulators.netty.HttpVersionRoutingHandler channelRead\nINFO: Detected non-HTTP/2 connection.\n"}}
[debug] [2026-07-18T20:57:53.001Z] Jul 18, 2026 10:57:53 PM io.gapi.emulators.netty.HttpVersionRoutingHandler channelRead
INFO: Detected non-HTTP/2 connection.
 {"metadata":{"emulator":{"name":"firestore"},"message":"Jul 18, 2026 10:57:53 PM io.gapi.emulators.netty.HttpVersionRoutingHandler channelRead\nINFO: Detected non-HTTP/2 connection.\n"}}
[debug] [2026-07-18T20:57:53.027Z] Jul 18, 2026 10:57:53 PM io.gapi.emulators.netty.HttpVersionRoutingHandler channelRead
INFO: Detected non-HTTP/2 connection.
 {"metadata":{"emulator":{"name":"firestore"},"message":"Jul 18, 2026 10:57:53 PM io.gapi.emulators.netty.HttpVersionRoutingHandler channelRead\nINFO: Detected non-HTTP/2 connection.\n"}}
[debug] [2026-07-18T20:57:56.953Z] Jul 18, 2026 10:57:56 PM io.gapi.emulators.netty.HttpVersionRoutingHandler channelRead
INFO: Detected non-HTTP/2 connection.
 {"metadata":{"emulator":{"name":"firestore"},"message":"Jul 18, 2026 10:57:56 PM io.gapi.emulators.netty.HttpVersionRoutingHandler channelRead\nINFO: Detected non-HTTP/2 connection.\n"}}
[debug] [2026-07-18T20:57:56.956Z] Jul 18, 2026 10:57:56 PM io.gapi.emulators.netty.HttpVersionRoutingHandler channelRead
INFO: Detected non-HTTP/2 connection.
 {"metadata":{"emulator":{"name":"firestore"},"message":"Jul 18, 2026 10:57:56 PM io.gapi.emulators.netty.HttpVersionRoutingHandler channelRead\nINFO: Detected non-HTTP/2 connection.\n"}}
[debug] [2026-07-18T20:57:57.952Z] Jul 18, 2026 10:57:57 PM io.gapi.emulators.netty.HttpVersionRoutingHandler channelRead
INFO: Detected non-HTTP/2 connection.
 {"metadata":{"emulator":{"name":"firestore"},"message":"Jul 18, 2026 10:57:57 PM io.gapi.emulators.netty.HttpVersionRoutingHandler channelRead\nINFO: Detected non-HTTP/2 connection.\n"}}
[debug] [2026-07-18T20:57:57.966Z] Jul 18, 2026 10:57:57 PM io.gapi.emulators.netty.HttpVersionRoutingHandler channelRead
INFO: Detected non-HTTP/2 connection.
 {"metadata":{"emulator":{"name":"firestore"},"message":"Jul 18, 2026 10:57:57 PM io.gapi.emulators.netty.HttpVersionRoutingHandler channelRead\nINFO: Detected non-HTTP/2 connection.\n"}}
[debug] [2026-07-18T20:58:15.374Z] Jul 18, 2026 10:58:15 PM io.gapi.emulators.netty.HttpVersionRoutingHandler channelRead
INFO: Detected non-HTTP/2 connection.
 {"metadata":{"emulator":{"name":"firestore"},"message":"Jul 18, 2026 10:58:15 PM io.gapi.emulators.netty.HttpVersionRoutingHandler channelRead\nINFO: Detected non-HTTP/2 connection.\n"}}
[debug] [2026-07-18T20:58:15.377Z] Jul 18, 2026 10:58:15 PM io.gapi.emulators.netty.HttpVersionRoutingHandler channelRead
INFO: Detected non-HTTP/2 connection.
 {"metadata":{"emulator":{"name":"firestore"},"message":"Jul 18, 2026 10:58:15 PM io.gapi.emulators.netty.HttpVersionRoutingHandler channelRead\nINFO: Detected non-HTTP/2 connection.\n"}}
[debug] [2026-07-18T20:58:16.186Z] Jul 18, 2026 10:58:16 PM io.gapi.emulators.netty.HttpVersionRoutingHandler channelRead
INFO: Detected non-HTTP/2 connection.
 {"metadata":{"emulator":{"name":"firestore"},"message":"Jul 18, 2026 10:58:16 PM io.gapi.emulators.netty.HttpVersionRoutingHandler channelRead\nINFO: Detected non-HTTP/2 connection.\n"}}
[debug] [2026-07-18T20:58:16.197Z] Jul 18, 2026 10:58:16 PM io.gapi.emulators.netty.HttpVersionRoutingHandler channelRead
INFO: Detected non-HTTP/2 connection.
 {"metadata":{"emulator":{"name":"firestore"},"message":"Jul 18, 2026 10:58:16 PM io.gapi.emulators.netty.HttpVersionRoutingHandler channelRead\nINFO: Detected non-HTTP/2 connection.\n"}}
[debug] [2026-07-18T20:58:16.887Z] Jul 18, 2026 10:58:16 PM io.gapi.emulators.netty.HttpVersionRoutingHandler channelRead
INFO: Detected non-HTTP/2 connection.
 {"metadata":{"emulator":{"name":"firestore"},"message":"Jul 18, 2026 10:58:16 PM io.gapi.emulators.netty.HttpVersionRoutingHandler channelRead\nINFO: Detected non-HTTP/2 connection.\n"}}
[debug] [2026-07-18T20:58:16.891Z] Jul 18, 2026 10:58:16 PM io.gapi.emulators.netty.HttpVersionRoutingHandler channelRead
INFO: Detected non-HTTP/2 connection.
 {"metadata":{"emulator":{"name":"firestore"},"message":"Jul 18, 2026 10:58:16 PM io.gapi.emulators.netty.HttpVersionRoutingHandler channelRead\nINFO: Detected non-HTTP/2 connection.\n"}}
[debug] [2026-07-18T20:58:16.901Z] Jul 18, 2026 10:58:16 PM io.gapi.emulators.netty.HttpVersionRoutingHandler channelRead
INFO: Detected non-HTTP/2 connection.
 {"metadata":{"emulator":{"name":"firestore"},"message":"Jul 18, 2026 10:58:16 PM io.gapi.emulators.netty.HttpVersionRoutingHandler channelRead\nINFO: Detected non-HTTP/2 connection.\n"}}
[debug] [2026-07-18T20:58:18.682Z] Jul 18, 2026 10:58:18 PM io.gapi.emulators.netty.HttpVersionRoutingHandler channelRead
INFO: Detected non-HTTP/2 connection.
 {"metadata":{"emulator":{"name":"firestore"},"message":"Jul 18, 2026 10:58:18 PM io.gapi.emulators.netty.HttpVersionRoutingHandler channelRead\nINFO: Detected non-HTTP/2 connection.\n"}}
[debug] [2026-07-18T20:58:18.682Z] Jul 18, 2026 10:58:18 PM io.gapi.emulators.netty.HttpVersionRoutingHandler channelRead
INFO: Detected non-HTTP/2 connection.
 {"metadata":{"emulator":{"name":"firestore"},"message":"Jul 18, 2026 10:58:18 PM io.gapi.emulators.netty.HttpVersionRoutingHandler channelRead\nINFO: Detected non-HTTP/2 connection.\n"}}
[debug] [2026-07-18T20:58:18.685Z] Jul 18, 2026 10:58:18 PM com.google.cloud.datastore.emulator.firestore.webchannel.FirestoreV1WebChannelAdapter$FirestoreWriteHandler onClose
INFO: channel closed
 {"metadata":{"emulator":{"name":"firestore"},"message":"Jul 18, 2026 10:58:18 PM com.google.cloud.datastore.emulator.firestore.webchannel.FirestoreV1WebChannelAdapter$FirestoreWriteHandler onClose\nINFO: channel closed\n"}}
[debug] [2026-07-18T20:58:18.686Z] Jul 18, 2026 10:58:18 PM com.google.cloud.datastore.emulator.firestore.webchannel.FirestoreV1WebChannelAdapter$FirestoreListenHandler onClose
INFO: channel closed
 {"metadata":{"emulator":{"name":"firestore"},"message":"Jul 18, 2026 10:58:18 PM com.google.cloud.datastore.emulator.firestore.webchannel.FirestoreV1WebChannelAdapter$FirestoreListenHandler onClose\nINFO: channel closed\n"}}
[debug] [2026-07-18T20:58:27.046Z] Jul 18, 2026 10:58:27 PM io.gapi.emulators.netty.HttpVersionRoutingHandler channelRead
INFO: Detected non-HTTP/2 connection.
 {"metadata":{"emulator":{"name":"firestore"},"message":"Jul 18, 2026 10:58:27 PM io.gapi.emulators.netty.HttpVersionRoutingHandler channelRead\nINFO: Detected non-HTTP/2 connection.\n"}}
[debug] [2026-07-18T20:58:27.052Z] Jul 18, 2026 10:58:27 PM io.gapi.emulators.netty.HttpVersionRoutingHandler channelRead
INFO: Detected non-HTTP/2 connection.
 {"metadata":{"emulator":{"name":"firestore"},"message":"Jul 18, 2026 10:58:27 PM io.gapi.emulators.netty.HttpVersionRoutingHandler channelRead\nINFO: Detected non-HTTP/2 connection.\n"}}
[debug] [2026-07-18T20:58:27.063Z] Jul 18, 2026 10:58:27 PM io.gapi.emulators.netty.HttpVersionRoutingHandler channelRead
INFO: Detected non-HTTP/2 connection.
 {"metadata":{"emulator":{"name":"firestore"},"message":"Jul 18, 2026 10:58:27 PM io.gapi.emulators.netty.HttpVersionRoutingHandler channelRead\nINFO: Detected non-HTTP/2 connection.\n"}}
[debug] [2026-07-18T20:58:27.070Z] Jul 18, 2026 10:58:27 PM io.gapi.emulators.netty.HttpVersionRoutingHandler channelRead
INFO: Detected non-HTTP/2 connection.
 {"metadata":{"emulator":{"name":"firestore"},"message":"Jul 18, 2026 10:58:27 PM io.gapi.emulators.netty.HttpVersionRoutingHandler channelRead\nINFO: Detected non-HTTP/2 connection.\n"}}
[debug] [2026-07-18T20:58:27.078Z] Jul 18, 2026 10:58:27 PM io.gapi.emulators.netty.HttpVersionRoutingHandler channelRead
INFO: Detected non-HTTP/2 connection.
 {"metadata":{"emulator":{"name":"firestore"},"message":"Jul 18, 2026 10:58:27 PM io.gapi.emulators.netty.HttpVersionRoutingHandler channelRead\nINFO: Detected non-HTTP/2 connection.\n"}}
[debug] [2026-07-18T20:58:27.112Z] Jul 18, 2026 10:58:27 PM io.gapi.emulators.netty.HttpVersionRoutingHandler channelRead
INFO: Detected non-HTTP/2 connection.
 {"metadata":{"emulator":{"name":"firestore"},"message":"Jul 18, 2026 10:58:27 PM io.gapi.emulators.netty.HttpVersionRoutingHandler channelRead\nINFO: Detected non-HTTP/2 connection.\n"}}
[debug] [2026-07-18T20:58:31.755Z] Jul 18, 2026 10:58:31 PM io.gapi.emulators.netty.HttpVersionRoutingHandler channelRead
INFO: Detected non-HTTP/2 connection.
 {"metadata":{"emulator":{"name":"firestore"},"message":"Jul 18, 2026 10:58:31 PM io.gapi.emulators.netty.HttpVersionRoutingHandler channelRead\nINFO: Detected non-HTTP/2 connection.\n"}}
[debug] [2026-07-18T20:58:31.760Z] Jul 18, 2026 10:58:31 PM io.gapi.emulators.netty.HttpVersionRoutingHandler channelRead
INFO: Detected non-HTTP/2 connection.
 {"metadata":{"emulator":{"name":"firestore"},"message":"Jul 18, 2026 10:58:31 PM io.gapi.emulators.netty.HttpVersionRoutingHandler channelRead\nINFO: Detected non-HTTP/2 connection.\n"}}
[debug] [2026-07-18T20:58:31.769Z] Jul 18, 2026 10:58:31 PM io.gapi.emulators.netty.HttpVersionRoutingHandler channelRead
INFO: Detected non-HTTP/2 connection.
 {"metadata":{"emulator":{"name":"firestore"},"message":"Jul 18, 2026 10:58:31 PM io.gapi.emulators.netty.HttpVersionRoutingHandler channelRead\nINFO: Detected non-HTTP/2 connection.\n"}}
[debug] [2026-07-18T20:58:31.788Z] Jul 18, 2026 10:58:31 PM io.gapi.emulators.netty.HttpVersionRoutingHandler channelRead
INFO: Detected non-HTTP/2 connection.
 {"metadata":{"emulator":{"name":"firestore"},"message":"Jul 18, 2026 10:58:31 PM io.gapi.emulators.netty.HttpVersionRoutingHandler channelRead\nINFO: Detected non-HTTP/2 connection.\n"}}
[debug] [2026-07-18T20:58:37.615Z] Jul 18, 2026 10:58:37 PM io.gapi.emulators.netty.HttpVersionRoutingHandler channelRead
INFO: Detected non-HTTP/2 connection.
 {"metadata":{"emulator":{"name":"firestore"},"message":"Jul 18, 2026 10:58:37 PM io.gapi.emulators.netty.HttpVersionRoutingHandler channelRead\nINFO: Detected non-HTTP/2 connection.\n"}}
[debug] [2026-07-18T20:58:37.619Z] Jul 18, 2026 10:58:37 PM io.gapi.emulators.netty.HttpVersionRoutingHandler channelRead
INFO: Detected non-HTTP/2 connection.
 {"metadata":{"emulator":{"name":"firestore"},"message":"Jul 18, 2026 10:58:37 PM io.gapi.emulators.netty.HttpVersionRoutingHandler channelRead\nINFO: Detected non-HTTP/2 connection.\n"}}
[debug] [2026-07-18T20:58:57.461Z] Jul 18, 2026 10:58:57 PM io.gapi.emulators.netty.HttpVersionRoutingHandler channelRead
INFO: Detected non-HTTP/2 connection.
 {"metadata":{"emulator":{"name":"firestore"},"message":"Jul 18, 2026 10:58:57 PM io.gapi.emulators.netty.HttpVersionRoutingHandler channelRead\nINFO: Detected non-HTTP/2 connection.\n"}}
[debug] [2026-07-18T20:58:57.472Z] Jul 18, 2026 10:58:57 PM io.gapi.emulators.netty.HttpVersionRoutingHandler channelRead
INFO: Detected non-HTTP/2 connection.
 {"metadata":{"emulator":{"name":"firestore"},"message":"Jul 18, 2026 10:58:57 PM io.gapi.emulators.netty.HttpVersionRoutingHandler channelRead\nINFO: Detected non-HTTP/2 connection.\n"}}
[debug] [2026-07-18T20:58:59.720Z] Jul 18, 2026 10:58:59 PM io.gapi.emulators.netty.HttpVersionRoutingHandler channelRead
INFO: Detected non-HTTP/2 connection.
 {"metadata":{"emulator":{"name":"firestore"},"message":"Jul 18, 2026 10:58:59 PM io.gapi.emulators.netty.HttpVersionRoutingHandler channelRead\nINFO: Detected non-HTTP/2 connection.\n"}}
[debug] [2026-07-18T20:58:59.725Z] Jul 18, 2026 10:58:59 PM io.gapi.emulators.netty.HttpVersionRoutingHandler channelRead
INFO: Detected non-HTTP/2 connection.
 {"metadata":{"emulator":{"name":"firestore"},"message":"Jul 18, 2026 10:58:59 PM io.gapi.emulators.netty.HttpVersionRoutingHandler channelRead\nINFO: Detected non-HTTP/2 connection.\n"}}
[debug] [2026-07-18T20:58:59.736Z] Jul 18, 2026 10:58:59 PM io.gapi.emulators.netty.HttpVersionRoutingHandler channelRead
INFO: Detected non-HTTP/2 connection.
 {"metadata":{"emulator":{"name":"firestore"},"message":"Jul 18, 2026 10:58:59 PM io.gapi.emulators.netty.HttpVersionRoutingHandler channelRead\nINFO: Detected non-HTTP/2 connection.\n"}}
[debug] [2026-07-18T20:59:10.608Z] Jul 18, 2026 10:59:10 PM io.gapi.emulators.netty.HttpVersionRoutingHandler channelRead
INFO: Detected non-HTTP/2 connection.
 {"metadata":{"emulator":{"name":"firestore"},"message":"Jul 18, 2026 10:59:10 PM io.gapi.emulators.netty.HttpVersionRoutingHandler channelRead\nINFO: Detected non-HTTP/2 connection.\n"}}
[debug] [2026-07-18T20:59:10.612Z] Jul 18, 2026 10:59:10 PM io.gapi.emulators.netty.HttpVersionRoutingHandler channelRead
INFO: Detected non-HTTP/2 connection.
 {"metadata":{"emulator":{"name":"firestore"},"message":"Jul 18, 2026 10:59:10 PM io.gapi.emulators.netty.HttpVersionRoutingHandler channelRead\nINFO: Detected non-HTTP/2 connection.\n"}}
[debug] [2026-07-18T20:59:10.616Z] Jul 18, 2026 10:59:10 PM io.gapi.emulators.netty.HttpVersionRoutingHandler channelRead
INFO: Detected non-HTTP/2 connection.
 {"metadata":{"emulator":{"name":"firestore"},"message":"Jul 18, 2026 10:59:10 PM io.gapi.emulators.netty.HttpVersionRoutingHandler channelRead\nINFO: Detected non-HTTP/2 connection.\n"}}
[debug] [2026-07-18T20:59:10.631Z] Jul 18, 2026 10:59:10 PM io.gapi.emulators.netty.HttpVersionRoutingHandler channelRead
INFO: Detected non-HTTP/2 connection.
 {"metadata":{"emulator":{"name":"firestore"},"message":"Jul 18, 2026 10:59:10 PM io.gapi.emulators.netty.HttpVersionRoutingHandler channelRead\nINFO: Detected non-HTTP/2 connection.\n"}}
[debug] [2026-07-18T20:59:12.981Z] Jul 18, 2026 10:59:12 PM io.gapi.emulators.netty.HttpVersionRoutingHandler channelRead
INFO: Detected non-HTTP/2 connection.
 {"metadata":{"emulator":{"name":"firestore"},"message":"Jul 18, 2026 10:59:12 PM io.gapi.emulators.netty.HttpVersionRoutingHandler channelRead\nINFO: Detected non-HTTP/2 connection.\n"}}
[debug] [2026-07-18T20:59:12.987Z] Jul 18, 2026 10:59:12 PM io.gapi.emulators.netty.HttpVersionRoutingHandler channelRead
INFO: Detected non-HTTP/2 connection.
 {"metadata":{"emulator":{"name":"firestore"},"message":"Jul 18, 2026 10:59:12 PM io.gapi.emulators.netty.HttpVersionRoutingHandler channelRead\nINFO: Detected non-HTTP/2 connection.\n"}}
[debug] [2026-07-18T20:59:12.987Z] Jul 18, 2026 10:59:12 PM io.gapi.emulators.netty.HttpVersionRoutingHandler channelRead
INFO: Detected non-HTTP/2 connection.
 {"metadata":{"emulator":{"name":"firestore"},"message":"Jul 18, 2026 10:59:12 PM io.gapi.emulators.netty.HttpVersionRoutingHandler channelRead\nINFO: Detected non-HTTP/2 connection.\n"}}
[debug] [2026-07-18T20:59:13.134Z] Jul 18, 2026 10:59:13 PM io.gapi.emulators.netty.HttpVersionRoutingHandler channelRead
INFO: Detected non-HTTP/2 connection.
 {"metadata":{"emulator":{"name":"firestore"},"message":"Jul 18, 2026 10:59:13 PM io.gapi.emulators.netty.HttpVersionRoutingHandler channelRead\nINFO: Detected non-HTTP/2 connection.\n"}}
[debug] [2026-07-18T20:59:13.149Z] Jul 18, 2026 10:59:13 PM io.gapi.emulators.netty.HttpVersionRoutingHandler channelRead
INFO: Detected non-HTTP/2 connection.
 {"metadata":{"emulator":{"name":"firestore"},"message":"Jul 18, 2026 10:59:13 PM io.gapi.emulators.netty.HttpVersionRoutingHandler channelRead\nINFO: Detected non-HTTP/2 connection.\n"}}
[debug] [2026-07-18T20:59:20.927Z] Jul 18, 2026 10:59:20 PM io.gapi.emulators.netty.HttpVersionRoutingHandler channelRead
INFO: Detected non-HTTP/2 connection.
 {"metadata":{"emulator":{"name":"firestore"},"message":"Jul 18, 2026 10:59:20 PM io.gapi.emulators.netty.HttpVersionRoutingHandler channelRead\nINFO: Detected non-HTTP/2 connection.\n"}}
[debug] [2026-07-18T20:59:20.930Z] Jul 18, 2026 10:59:20 PM io.gapi.emulators.netty.HttpVersionRoutingHandler channelRead
INFO: Detected non-HTTP/2 connection.
 {"metadata":{"emulator":{"name":"firestore"},"message":"Jul 18, 2026 10:59:20 PM io.gapi.emulators.netty.HttpVersionRoutingHandler channelRead\nINFO: Detected non-HTTP/2 connection.\n"}}
[debug] [2026-07-18T20:59:21.448Z] Jul 18, 2026 10:59:21 PM io.gapi.emulators.netty.HttpVersionRoutingHandler channelRead
INFO: Detected non-HTTP/2 connection.
 {"metadata":{"emulator":{"name":"firestore"},"message":"Jul 18, 2026 10:59:21 PM io.gapi.emulators.netty.HttpVersionRoutingHandler channelRead\nINFO: Detected non-HTTP/2 connection.\n"}}
[debug] [2026-07-18T20:59:21.455Z] Jul 18, 2026 10:59:21 PM io.gapi.emulators.netty.HttpVersionRoutingHandler channelRead
INFO: Detected non-HTTP/2 connection.
 {"metadata":{"emulator":{"name":"firestore"},"message":"Jul 18, 2026 10:59:21 PM io.gapi.emulators.netty.HttpVersionRoutingHandler channelRead\nINFO: Detected non-HTTP/2 connection.\n"}}
[debug] [2026-07-18T20:59:21.719Z] Jul 18, 2026 10:59:21 PM io.gapi.emulators.netty.HttpVersionRoutingHandler channelRead
INFO: Detected non-HTTP/2 connection.
 {"metadata":{"emulator":{"name":"firestore"},"message":"Jul 18, 2026 10:59:21 PM io.gapi.emulators.netty.HttpVersionRoutingHandler channelRead\nINFO: Detected non-HTTP/2 connection.\n"}}
[debug] [2026-07-18T20:59:21.722Z] Jul 18, 2026 10:59:21 PM io.gapi.emulators.netty.HttpVersionRoutingHandler channelRead
INFO: Detected non-HTTP/2 connection.
 {"metadata":{"emulator":{"name":"firestore"},"message":"Jul 18, 2026 10:59:21 PM io.gapi.emulators.netty.HttpVersionRoutingHandler channelRead\nINFO: Detected non-HTTP/2 connection.\n"}}
[debug] [2026-07-18T20:59:22.340Z] Jul 18, 2026 10:59:22 PM io.gapi.emulators.netty.HttpVersionRoutingHandler channelRead
INFO: Detected non-HTTP/2 connection.
 {"metadata":{"emulator":{"name":"firestore"},"message":"Jul 18, 2026 10:59:22 PM io.gapi.emulators.netty.HttpVersionRoutingHandler channelRead\nINFO: Detected non-HTTP/2 connection.\n"}}
[debug] [2026-07-18T20:59:22.349Z] Jul 18, 2026 10:59:22 PM io.gapi.emulators.netty.HttpVersionRoutingHandler channelRead
INFO: Detected non-HTTP/2 connection.
 {"metadata":{"emulator":{"name":"firestore"},"message":"Jul 18, 2026 10:59:22 PM io.gapi.emulators.netty.HttpVersionRoutingHandler channelRead\nINFO: Detected non-HTTP/2 connection.\n"}}
[debug] [2026-07-18T20:59:22.652Z] Jul 18, 2026 10:59:22 PM io.gapi.emulators.netty.HttpVersionRoutingHandler channelRead
INFO: Detected non-HTTP/2 connection.
 {"metadata":{"emulator":{"name":"firestore"},"message":"Jul 18, 2026 10:59:22 PM io.gapi.emulators.netty.HttpVersionRoutingHandler channelRead\nINFO: Detected non-HTTP/2 connection.\n"}}
[debug] [2026-07-18T20:59:22.654Z] Jul 18, 2026 10:59:22 PM io.gapi.emulators.netty.HttpVersionRoutingHandler channelRead
INFO: Detected non-HTTP/2 connection.
 {"metadata":{"emulator":{"name":"firestore"},"message":"Jul 18, 2026 10:59:22 PM io.gapi.emulators.netty.HttpVersionRoutingHandler channelRead\nINFO: Detected non-HTTP/2 connection.\n"}}
[debug] [2026-07-18T20:59:22.806Z] Jul 18, 2026 10:59:22 PM io.gapi.emulators.netty.HttpVersionRoutingHandler channelRead
INFO: Detected non-HTTP/2 connection.
 {"metadata":{"emulator":{"name":"firestore"},"message":"Jul 18, 2026 10:59:22 PM io.gapi.emulators.netty.HttpVersionRoutingHandler channelRead\nINFO: Detected non-HTTP/2 connection.\n"}}
[debug] [2026-07-18T20:59:22.815Z] Jul 18, 2026 10:59:22 PM io.gapi.emulators.netty.HttpVersionRoutingHandler channelRead
INFO: Detected non-HTTP/2 connection.
 {"metadata":{"emulator":{"name":"firestore"},"message":"Jul 18, 2026 10:59:22 PM io.gapi.emulators.netty.HttpVersionRoutingHandler channelRead\nINFO: Detected non-HTTP/2 connection.\n"}}
[debug] [2026-07-18T21:00:22.834Z] Jul 18, 2026 11:00:22 PM io.gapi.emulators.netty.HttpVersionRoutingHandler channelRead
INFO: Detected non-HTTP/2 connection.
 {"metadata":{"emulator":{"name":"firestore"},"message":"Jul 18, 2026 11:00:22 PM io.gapi.emulators.netty.HttpVersionRoutingHandler channelRead\nINFO: Detected non-HTTP/2 connection.\n"}}
[debug] [2026-07-18T21:01:07.838Z] Jul 18, 2026 11:01:07 PM io.gapi.emulators.netty.HttpVersionRoutingHandler channelRead
INFO: Detected non-HTTP/2 connection.
 {"metadata":{"emulator":{"name":"firestore"},"message":"Jul 18, 2026 11:01:07 PM io.gapi.emulators.netty.HttpVersionRoutingHandler channelRead\nINFO: Detected non-HTTP/2 connection.\n"}}
[debug] [2026-07-18T21:01:56.169Z] Jul 18, 2026 11:01:56 PM com.google.cloud.datastore.emulator.firestore.websocket.WebSocketChannelHandler channelClosed
INFO: Websocket client disconnected
 {"metadata":{"emulator":{"name":"firestore"},"message":"Jul 18, 2026 11:01:56 PM com.google.cloud.datastore.emulator.firestore.websocket.WebSocketChannelHandler channelClosed\nINFO: Websocket client disconnected\n"}}
[debug] [2026-07-18T21:01:56.169Z] Jul 18, 2026 11:01:56 PM com.google.cloud.datastore.emulator.firestore.websocket.WebSocketChannelHandler channelClosed
INFO: Websocket client disconnected
Jul 18, 2026 11:01:56 PM io.gapi.emulators.netty.HttpVersionRoutingHandler channelRead
INFO: Detected non-HTTP/2 connection.
 {"metadata":{"emulator":{"name":"firestore"},"message":"Jul 18, 2026 11:01:56 PM com.google.cloud.datastore.emulator.firestore.websocket.WebSocketChannelHandler channelClosed\nINFO: Websocket client disconnected\nJul 18, 2026 11:01:56 PM io.gapi.emulators.netty.HttpVersionRoutingHandler channelRead\nINFO: Detected non-HTTP/2 connection.\n"}}
[debug] [2026-07-18T21:01:56.217Z] Jul 18, 2026 11:01:56 PM io.gapi.emulators.netty.HttpVersionRoutingHandler channelRead
INFO: Detected non-HTTP/2 connection.
 {"metadata":{"emulator":{"name":"firestore"},"message":"Jul 18, 2026 11:01:56 PM io.gapi.emulators.netty.HttpVersionRoutingHandler channelRead\nINFO: Detected non-HTTP/2 connection.\n"}}
[debug] [2026-07-18T21:01:56.319Z] Jul 18, 2026 11:01:56 PM io.gapi.emulators.netty.HttpVersionRoutingHandler channelRead
INFO: Detected non-HTTP/2 connection.
 {"metadata":{"emulator":{"name":"firestore"},"message":"Jul 18, 2026 11:01:56 PM io.gapi.emulators.netty.HttpVersionRoutingHandler channelRead\nINFO: Detected non-HTTP/2 connection.\n"}}
[debug] [2026-07-18T21:01:56.336Z] Jul 18, 2026 11:01:56 PM io.gapi.emulators.netty.HttpVersionRoutingHandler channelRead
INFO: Detected non-HTTP/2 connection.
 {"metadata":{"emulator":{"name":"firestore"},"message":"Jul 18, 2026 11:01:56 PM io.gapi.emulators.netty.HttpVersionRoutingHandler channelRead\nINFO: Detected non-HTTP/2 connection.\n"}}
[debug] [2026-07-18T21:01:56.347Z] Jul 18, 2026 11:01:56 PM io.gapi.emulators.netty.HttpVersionRoutingHandler channelRead
INFO: Detected non-HTTP/2 connection.
 {"metadata":{"emulator":{"name":"firestore"},"message":"Jul 18, 2026 11:01:56 PM io.gapi.emulators.netty.HttpVersionRoutingHandler channelRead\nINFO: Detected non-HTTP/2 connection.\n"}}
[debug] [2026-07-18T21:01:56.352Z] Jul 18, 2026 11:01:56 PM io.gapi.emulators.netty.HttpVersionRoutingHandler channelRead
INFO: Detected non-HTTP/2 connection.
 {"metadata":{"emulator":{"name":"firestore"},"message":"Jul 18, 2026 11:01:56 PM io.gapi.emulators.netty.HttpVersionRoutingHandler channelRead\nINFO: Detected non-HTTP/2 connection.\n"}}
[debug] [2026-07-18T21:01:56.419Z] Jul 18, 2026 11:01:56 PM io.gapi.emulators.netty.HttpVersionRoutingHandler channelRead
INFO: Detected non-HTTP/2 connection.
 {"metadata":{"emulator":{"name":"firestore"},"message":"Jul 18, 2026 11:01:56 PM io.gapi.emulators.netty.HttpVersionRoutingHandler channelRead\nINFO: Detected non-HTTP/2 connection.\n"}}
[debug] [2026-07-18T21:01:56.441Z] Jul 18, 2026 11:01:56 PM io.gapi.emulators.netty.HttpVersionRoutingHandler channelRead
INFO: Detected non-HTTP/2 connection.
 {"metadata":{"emulator":{"name":"firestore"},"message":"Jul 18, 2026 11:01:56 PM io.gapi.emulators.netty.HttpVersionRoutingHandler channelRead\nINFO: Detected non-HTTP/2 connection.\n"}}
[debug] [2026-07-18T21:05:08.429Z] Jul 18, 2026 11:05:08 PM io.gapi.emulators.netty.HttpVersionRoutingHandler channelRead
INFO: Detected non-HTTP/2 connection.
 {"metadata":{"emulator":{"name":"firestore"},"message":"Jul 18, 2026 11:05:08 PM io.gapi.emulators.netty.HttpVersionRoutingHandler channelRead\nINFO: Detected non-HTTP/2 connection.\n"}}
[debug] [2026-07-18T21:05:09.749Z] Jul 18, 2026 11:05:09 PM com.google.cloud.datastore.emulator.firestore.websocket.WebSocketChannelHandler initChannel
INFO: Connected to new websocket client
 {"metadata":{"emulator":{"name":"firestore"},"message":"Jul 18, 2026 11:05:09 PM com.google.cloud.datastore.emulator.firestore.websocket.WebSocketChannelHandler initChannel\nINFO: Connected to new websocket client\n"}}
[debug] [2026-07-18T21:05:09.753Z] Jul 18, 2026 11:05:09 PM com.google.cloud.datastore.emulator.firestore.websocket.WebSocketChannelHandler initChannel
INFO: Connected to new websocket client
 {"metadata":{"emulator":{"name":"firestore"},"message":"Jul 18, 2026 11:05:09 PM com.google.cloud.datastore.emulator.firestore.websocket.WebSocketChannelHandler initChannel\nINFO: Connected to new websocket client\n"}}
[debug] [2026-07-18T21:05:53.440Z] Jul 18, 2026 11:05:53 PM io.gapi.emulators.netty.HttpVersionRoutingHandler channelRead
INFO: Detected non-HTTP/2 connection.
 {"metadata":{"emulator":{"name":"firestore"},"message":"Jul 18, 2026 11:05:53 PM io.gapi.emulators.netty.HttpVersionRoutingHandler channelRead\nINFO: Detected non-HTTP/2 connection.\n"}}
[debug] [2026-07-18T21:06:00.274Z] Jul 18, 2026 11:06:00 PM io.gapi.emulators.netty.HttpVersionRoutingHandler channelRead
INFO: Detected non-HTTP/2 connection.
 {"metadata":{"emulator":{"name":"firestore"},"message":"Jul 18, 2026 11:06:00 PM io.gapi.emulators.netty.HttpVersionRoutingHandler channelRead\nINFO: Detected non-HTTP/2 connection.\n"}}
[debug] [2026-07-18T21:06:00.277Z] Jul 18, 2026 11:06:00 PM io.gapi.emulators.netty.HttpVersionRoutingHandler channelRead
INFO: Detected non-HTTP/2 connection.
 {"metadata":{"emulator":{"name":"firestore"},"message":"Jul 18, 2026 11:06:00 PM io.gapi.emulators.netty.HttpVersionRoutingHandler channelRead\nINFO: Detected non-HTTP/2 connection.\n"}}
[debug] [2026-07-18T21:06:00.432Z] Jul 18, 2026 11:06:00 PM io.gapi.emulators.netty.HttpVersionRoutingHandler channelRead
INFO: Detected non-HTTP/2 connection.
 {"metadata":{"emulator":{"name":"firestore"},"message":"Jul 18, 2026 11:06:00 PM io.gapi.emulators.netty.HttpVersionRoutingHandler channelRead\nINFO: Detected non-HTTP/2 connection.\n"}}
[debug] [2026-07-18T21:06:00.443Z] Jul 18, 2026 11:06:00 PM io.gapi.emulators.netty.HttpVersionRoutingHandler channelRead
INFO: Detected non-HTTP/2 connection.
 {"metadata":{"emulator":{"name":"firestore"},"message":"Jul 18, 2026 11:06:00 PM io.gapi.emulators.netty.HttpVersionRoutingHandler channelRead\nINFO: Detected non-HTTP/2 connection.\n"}}
[debug] [2026-07-18T21:06:00.708Z] Jul 18, 2026 11:06:00 PM io.gapi.emulators.netty.HttpVersionRoutingHandler channelRead
INFO: Detected non-HTTP/2 connection.
 {"metadata":{"emulator":{"name":"firestore"},"message":"Jul 18, 2026 11:06:00 PM io.gapi.emulators.netty.HttpVersionRoutingHandler channelRead\nINFO: Detected non-HTTP/2 connection.\n"}}
[debug] [2026-07-18T21:06:00.711Z] Jul 18, 2026 11:06:00 PM io.gapi.emulators.netty.HttpVersionRoutingHandler channelRead
INFO: Detected non-HTTP/2 connection.
 {"metadata":{"emulator":{"name":"firestore"},"message":"Jul 18, 2026 11:06:00 PM io.gapi.emulators.netty.HttpVersionRoutingHandler channelRead\nINFO: Detected non-HTTP/2 connection.\n"}}
[debug] [2026-07-18T21:06:01.418Z] Jul 18, 2026 11:06:01 PM io.gapi.emulators.netty.HttpVersionRoutingHandler channelRead
INFO: Detected non-HTTP/2 connection.
 {"metadata":{"emulator":{"name":"firestore"},"message":"Jul 18, 2026 11:06:01 PM io.gapi.emulators.netty.HttpVersionRoutingHandler channelRead\nINFO: Detected non-HTTP/2 connection.\n"}}
[debug] [2026-07-18T21:06:01.427Z] Jul 18, 2026 11:06:01 PM io.gapi.emulators.netty.HttpVersionRoutingHandler channelRead
INFO: Detected non-HTTP/2 connection.
 {"metadata":{"emulator":{"name":"firestore"},"message":"Jul 18, 2026 11:06:01 PM io.gapi.emulators.netty.HttpVersionRoutingHandler channelRead\nINFO: Detected non-HTTP/2 connection.\n"}}
[debug] [2026-07-18T21:06:01.667Z] Jul 18, 2026 11:06:01 PM io.gapi.emulators.netty.HttpVersionRoutingHandler channelRead
INFO: Detected non-HTTP/2 connection.
 {"metadata":{"emulator":{"name":"firestore"},"message":"Jul 18, 2026 11:06:01 PM io.gapi.emulators.netty.HttpVersionRoutingHandler channelRead\nINFO: Detected non-HTTP/2 connection.\n"}}
[debug] [2026-07-18T21:06:01.671Z] Jul 18, 2026 11:06:01 PM io.gapi.emulators.netty.HttpVersionRoutingHandler channelRead
INFO: Detected non-HTTP/2 connection.
 {"metadata":{"emulator":{"name":"firestore"},"message":"Jul 18, 2026 11:06:01 PM io.gapi.emulators.netty.HttpVersionRoutingHandler channelRead\nINFO: Detected non-HTTP/2 connection.\n"}}
[debug] [2026-07-18T21:07:01.691Z] Jul 18, 2026 11:07:01 PM io.gapi.emulators.netty.HttpVersionRoutingHandler channelRead
INFO: Detected non-HTTP/2 connection.
 {"metadata":{"emulator":{"name":"firestore"},"message":"Jul 18, 2026 11:07:01 PM io.gapi.emulators.netty.HttpVersionRoutingHandler channelRead\nINFO: Detected non-HTTP/2 connection.\n"}}
[debug] [2026-07-18T21:07:20.209Z] Jul 18, 2026 11:07:20 PM com.google.cloud.datastore.emulator.firestore.websocket.WebSocketChannelHandler channelClosed
INFO: Websocket client disconnected
Jul 18, 2026 11:07:20 PM com.google.cloud.datastore.emulator.firestore.websocket.WebSocketChannelHandler channelClosed
INFO: Websocket client disconnected
 {"metadata":{"emulator":{"name":"firestore"},"message":"Jul 18, 2026 11:07:20 PM com.google.cloud.datastore.emulator.firestore.websocket.WebSocketChannelHandler channelClosed\nINFO: Websocket client disconnected\nJul 18, 2026 11:07:20 PM com.google.cloud.datastore.emulator.firestore.websocket.WebSocketChannelHandler channelClosed\nINFO: Websocket client disconnected\n"}}
[debug] [2026-07-18T21:07:20.209Z] Jul 18, 2026 11:07:20 PM io.gapi.emulators.netty.HttpVersionRoutingHandler channelRead
INFO: Detected non-HTTP/2 connection.
 {"metadata":{"emulator":{"name":"firestore"},"message":"Jul 18, 2026 11:07:20 PM io.gapi.emulators.netty.HttpVersionRoutingHandler channelRead\nINFO: Detected non-HTTP/2 connection.\n"}}
[debug] [2026-07-18T21:07:20.319Z] Jul 18, 2026 11:07:20 PM io.gapi.emulators.netty.HttpVersionRoutingHandler channelRead
INFO: Detected non-HTTP/2 connection.
 {"metadata":{"emulator":{"name":"firestore"},"message":"Jul 18, 2026 11:07:20 PM io.gapi.emulators.netty.HttpVersionRoutingHandler channelRead\nINFO: Detected non-HTTP/2 connection.\n"}}
[debug] [2026-07-18T21:07:20.371Z] Jul 18, 2026 11:07:20 PM io.gapi.emulators.netty.HttpVersionRoutingHandler channelRead
INFO: Detected non-HTTP/2 connection.
 {"metadata":{"emulator":{"name":"firestore"},"message":"Jul 18, 2026 11:07:20 PM io.gapi.emulators.netty.HttpVersionRoutingHandler channelRead\nINFO: Detected non-HTTP/2 connection.\n"}}
[debug] [2026-07-18T21:07:20.387Z] Jul 18, 2026 11:07:20 PM io.gapi.emulators.netty.HttpVersionRoutingHandler channelRead
INFO: Detected non-HTTP/2 connection.
 {"metadata":{"emulator":{"name":"firestore"},"message":"Jul 18, 2026 11:07:20 PM io.gapi.emulators.netty.HttpVersionRoutingHandler channelRead\nINFO: Detected non-HTTP/2 connection.\n"}}
[debug] [2026-07-18T21:07:20.398Z] Jul 18, 2026 11:07:20 PM io.gapi.emulators.netty.HttpVersionRoutingHandler channelRead
INFO: Detected non-HTTP/2 connection.
 {"metadata":{"emulator":{"name":"firestore"},"message":"Jul 18, 2026 11:07:20 PM io.gapi.emulators.netty.HttpVersionRoutingHandler channelRead\nINFO: Detected non-HTTP/2 connection.\n"}}
[debug] [2026-07-18T21:07:20.441Z] Jul 18, 2026 11:07:20 PM io.gapi.emulators.netty.HttpVersionRoutingHandler channelRead
INFO: Detected non-HTTP/2 connection.
 {"metadata":{"emulator":{"name":"firestore"},"message":"Jul 18, 2026 11:07:20 PM io.gapi.emulators.netty.HttpVersionRoutingHandler channelRead\nINFO: Detected non-HTTP/2 connection.\n"}}
[debug] [2026-07-18T21:07:20.452Z] Jul 18, 2026 11:07:20 PM io.gapi.emulators.netty.HttpVersionRoutingHandler channelRead
INFO: Detected non-HTTP/2 connection.
 {"metadata":{"emulator":{"name":"firestore"},"message":"Jul 18, 2026 11:07:20 PM io.gapi.emulators.netty.HttpVersionRoutingHandler channelRead\nINFO: Detected non-HTTP/2 connection.\n"}}
[debug] [2026-07-18T21:07:20.459Z] Jul 18, 2026 11:07:20 PM io.gapi.emulators.netty.HttpVersionRoutingHandler channelRead
INFO: Detected non-HTTP/2 connection.
 {"metadata":{"emulator":{"name":"firestore"},"message":"Jul 18, 2026 11:07:20 PM io.gapi.emulators.netty.HttpVersionRoutingHandler channelRead\nINFO: Detected non-HTTP/2 connection.\n"}}
[debug] [2026-07-18T21:07:20.743Z] Jul 18, 2026 11:07:20 PM com.google.cloud.datastore.emulator.firestore.websocket.WebSocketChannelHandler initChannel
INFO: Connected to new websocket client
 {"metadata":{"emulator":{"name":"firestore"},"message":"Jul 18, 2026 11:07:20 PM com.google.cloud.datastore.emulator.firestore.websocket.WebSocketChannelHandler initChannel\nINFO: Connected to new websocket client\n"}}
[debug] [2026-07-18T21:23:33.838Z] Jul 18, 2026 11:23:33 PM io.gapi.emulators.netty.HttpVersionRoutingHandler channelRead
INFO: Detected non-HTTP/2 connection.
 {"metadata":{"emulator":{"name":"firestore"},"message":"Jul 18, 2026 11:23:33 PM io.gapi.emulators.netty.HttpVersionRoutingHandler channelRead\nINFO: Detected non-HTTP/2 connection.\n"}}
[debug] [2026-07-18T22:13:13.115Z] Jul 19, 2026 12:13:13 AM io.gapi.emulators.netty.HttpVersionRoutingHandler channelRead
INFO: Detected non-HTTP/2 connection.
 {"metadata":{"emulator":{"name":"firestore"},"message":"Jul 19, 2026 12:13:13 AM io.gapi.emulators.netty.HttpVersionRoutingHandler channelRead\nINFO: Detected non-HTTP/2 connection.\n"}}
[debug] [2026-07-18T22:46:01.303Z] Jul 19, 2026 12:46:01 AM com.google.cloud.datastore.emulator.firestore.websocket.WebSocketChannelHandler initChannel
INFO: Connected to new websocket client
 {"metadata":{"emulator":{"name":"firestore"},"message":"Jul 19, 2026 12:46:01 AM com.google.cloud.datastore.emulator.firestore.websocket.WebSocketChannelHandler initChannel\nINFO: Connected to new websocket client\n"}}
[debug] [2026-07-18T23:08:33.240Z] Jul 19, 2026 1:08:33 AM io.gapi.emulators.netty.HttpVersionRoutingHandler channelRead
INFO: Detected non-HTTP/2 connection.
 {"metadata":{"emulator":{"name":"firestore"},"message":"Jul 19, 2026 1:08:33 AM io.gapi.emulators.netty.HttpVersionRoutingHandler channelRead\nINFO: Detected non-HTTP/2 connection.\n"}}
[debug] [2026-07-18T23:25:24.209Z] Jul 19, 2026 1:25:24 AM io.gapi.emulators.netty.HttpVersionRoutingHandler channelRead
INFO: Detected non-HTTP/2 connection.
 {"metadata":{"emulator":{"name":"firestore"},"message":"Jul 19, 2026 1:25:24 AM io.gapi.emulators.netty.HttpVersionRoutingHandler channelRead\nINFO: Detected non-HTTP/2 connection.\n"}}
[debug] [2026-07-19T00:17:17.131Z] Jul 19, 2026 2:17:17 AM io.gapi.emulators.netty.HttpVersionRoutingHandler channelRead
INFO: Detected non-HTTP/2 connection.
 {"metadata":{"emulator":{"name":"firestore"},"message":"Jul 19, 2026 2:17:17 AM io.gapi.emulators.netty.HttpVersionRoutingHandler channelRead\nINFO: Detected non-HTTP/2 connection.\n"}}
[debug] [2026-07-19T01:40:25.039Z] Jul 19, 2026 3:40:25 AM io.gapi.emulators.netty.HttpVersionRoutingHandler channelRead
INFO: Detected non-HTTP/2 connection.
 {"metadata":{"emulator":{"name":"firestore"},"message":"Jul 19, 2026 3:40:25 AM io.gapi.emulators.netty.HttpVersionRoutingHandler channelRead\nINFO: Detected non-HTTP/2 connection.\n"}}
[debug] [2026-07-19T03:20:33.219Z] Jul 19, 2026 5:20:33 AM io.gapi.emulators.netty.HttpVersionRoutingHandler channelRead
INFO: Detected non-HTTP/2 connection.
 {"metadata":{"emulator":{"name":"firestore"},"message":"Jul 19, 2026 5:20:33 AM io.gapi.emulators.netty.HttpVersionRoutingHandler channelRead\nINFO: Detected non-HTTP/2 connection.\n"}}
[debug] [2026-07-19T04:44:40.879Z] Jul 19, 2026 6:44:40 AM io.gapi.emulators.netty.HttpVersionRoutingHandler channelRead
INFO: Detected non-HTTP/2 connection.
 {"metadata":{"emulator":{"name":"firestore"},"message":"Jul 19, 2026 6:44:40 AM io.gapi.emulators.netty.HttpVersionRoutingHandler channelRead\nINFO: Detected non-HTTP/2 connection.\n"}}
[debug] [2026-07-19T05:04:22.860Z] Jul 19, 2026 7:04:22 AM io.gapi.emulators.netty.HttpVersionRoutingHandler channelRead
INFO: Detected non-HTTP/2 connection.
 {"metadata":{"emulator":{"name":"firestore"},"message":"Jul 19, 2026 7:04:22 AM io.gapi.emulators.netty.HttpVersionRoutingHandler channelRead\nINFO: Detected non-HTTP/2 connection.\n"}}
[debug] [2026-07-19T05:22:38.661Z] Jul 19, 2026 7:22:38 AM io.gapi.emulators.netty.HttpVersionRoutingHandler channelRead
INFO: Detected non-HTTP/2 connection.
 {"metadata":{"emulator":{"name":"firestore"},"message":"Jul 19, 2026 7:22:38 AM io.gapi.emulators.netty.HttpVersionRoutingHandler channelRead\nINFO: Detected non-HTTP/2 connection.\n"}}
[debug] [2026-07-19T05:36:58.211Z] Jul 19, 2026 7:36:58 AM io.gapi.emulators.netty.HttpVersionRoutingHandler channelRead
INFO: Detected non-HTTP/2 connection.
 {"metadata":{"emulator":{"name":"firestore"},"message":"Jul 19, 2026 7:36:58 AM io.gapi.emulators.netty.HttpVersionRoutingHandler channelRead\nINFO: Detected non-HTTP/2 connection.\n"}}
[debug] [2026-07-19T06:05:18.853Z] Jul 19, 2026 8:05:18 AM io.gapi.emulators.netty.HttpVersionRoutingHandler channelRead
INFO: Detected non-HTTP/2 connection.
 {"metadata":{"emulator":{"name":"firestore"},"message":"Jul 19, 2026 8:05:18 AM io.gapi.emulators.netty.HttpVersionRoutingHandler channelRead\nINFO: Detected non-HTTP/2 connection.\n"}}
[debug] [2026-07-19T07:06:15.218Z] Jul 19, 2026 9:06:15 AM io.gapi.emulators.netty.HttpVersionRoutingHandler channelRead
INFO: Detected non-HTTP/2 connection.
 {"metadata":{"emulator":{"name":"firestore"},"message":"Jul 19, 2026 9:06:15 AM io.gapi.emulators.netty.HttpVersionRoutingHandler channelRead\nINFO: Detected non-HTTP/2 connection.\n"}}
[debug] [2026-07-19T08:07:11.361Z] Jul 19, 2026 10:07:11 AM io.gapi.emulators.netty.HttpVersionRoutingHandler channelRead
INFO: Detected non-HTTP/2 connection.
 {"metadata":{"emulator":{"name":"firestore"},"message":"Jul 19, 2026 10:07:11 AM io.gapi.emulators.netty.HttpVersionRoutingHandler channelRead\nINFO: Detected non-HTTP/2 connection.\n"}}
[debug] [2026-07-19T08:17:22.870Z] Jul 19, 2026 10:17:22 AM io.gapi.emulators.netty.HttpVersionRoutingHandler channelRead
INFO: Detected non-HTTP/2 connection.
 {"metadata":{"emulator":{"name":"firestore"},"message":"Jul 19, 2026 10:17:22 AM io.gapi.emulators.netty.HttpVersionRoutingHandler channelRead\nINFO: Detected non-HTTP/2 connection.\n"}}
[debug] [2026-07-19T08:18:22.885Z] Jul 19, 2026 10:18:22 AM io.gapi.emulators.netty.HttpVersionRoutingHandler channelRead
INFO: Detected non-HTTP/2 connection.
 {"metadata":{"emulator":{"name":"firestore"},"message":"Jul 19, 2026 10:18:22 AM io.gapi.emulators.netty.HttpVersionRoutingHandler channelRead\nINFO: Detected non-HTTP/2 connection.\n"}}
[debug] [2026-07-19T08:19:38.825Z] Jul 19, 2026 10:19:38 AM io.gapi.emulators.netty.HttpVersionRoutingHandler channelRead
INFO: Detected non-HTTP/2 connection.
 {"metadata":{"emulator":{"name":"firestore"},"message":"Jul 19, 2026 10:19:38 AM io.gapi.emulators.netty.HttpVersionRoutingHandler channelRead\nINFO: Detected non-HTTP/2 connection.\n"}}
[debug] [2026-07-19T08:20:24.818Z] Jul 19, 2026 10:20:24 AM io.gapi.emulators.netty.HttpVersionRoutingHandler channelRead
INFO: Detected non-HTTP/2 connection.
 {"metadata":{"emulator":{"name":"firestore"},"message":"Jul 19, 2026 10:20:24 AM io.gapi.emulators.netty.HttpVersionRoutingHandler channelRead\nINFO: Detected non-HTTP/2 connection.\n"}}
[debug] [2026-07-19T08:21:24.836Z] Jul 19, 2026 10:21:24 AM io.gapi.emulators.netty.HttpVersionRoutingHandler channelRead
INFO: Detected non-HTTP/2 connection.
 {"metadata":{"emulator":{"name":"firestore"},"message":"Jul 19, 2026 10:21:24 AM io.gapi.emulators.netty.HttpVersionRoutingHandler channelRead\nINFO: Detected non-HTTP/2 connection.\n"}}
[debug] [2026-07-19T08:22:24.846Z] Jul 19, 2026 10:22:24 AM io.gapi.emulators.netty.HttpVersionRoutingHandler channelRead
INFO: Detected non-HTTP/2 connection.
 {"metadata":{"emulator":{"name":"firestore"},"message":"Jul 19, 2026 10:22:24 AM io.gapi.emulators.netty.HttpVersionRoutingHandler channelRead\nINFO: Detected non-HTTP/2 connection.\n"}}
[debug] [2026-07-19T08:23:10.812Z] Jul 19, 2026 10:23:10 AM io.gapi.emulators.netty.HttpVersionRoutingHandler channelRead
INFO: Detected non-HTTP/2 connection.
 {"metadata":{"emulator":{"name":"firestore"},"message":"Jul 19, 2026 10:23:10 AM io.gapi.emulators.netty.HttpVersionRoutingHandler channelRead\nINFO: Detected non-HTTP/2 connection.\n"}}
[debug] [2026-07-19T08:24:26.820Z] Jul 19, 2026 10:24:26 AM io.gapi.emulators.netty.HttpVersionRoutingHandler channelRead
INFO: Detected non-HTTP/2 connection.
 {"metadata":{"emulator":{"name":"firestore"},"message":"Jul 19, 2026 10:24:26 AM io.gapi.emulators.netty.HttpVersionRoutingHandler channelRead\nINFO: Detected non-HTTP/2 connection.\n"}}
[debug] [2026-07-19T08:25:26.841Z] Jul 19, 2026 10:25:26 AM io.gapi.emulators.netty.HttpVersionRoutingHandler channelRead
INFO: Detected non-HTTP/2 connection.
 {"metadata":{"emulator":{"name":"firestore"},"message":"Jul 19, 2026 10:25:26 AM io.gapi.emulators.netty.HttpVersionRoutingHandler channelRead\nINFO: Detected non-HTTP/2 connection.\n"}}
[debug] [2026-07-19T08:26:26.882Z] Jul 19, 2026 10:26:26 AM io.gapi.emulators.netty.HttpVersionRoutingHandler channelRead
INFO: Detected non-HTTP/2 connection.
 {"metadata":{"emulator":{"name":"firestore"},"message":"Jul 19, 2026 10:26:26 AM io.gapi.emulators.netty.HttpVersionRoutingHandler channelRead\nINFO: Detected non-HTTP/2 connection.\n"}}
[debug] [2026-07-19T08:27:42.823Z] Jul 19, 2026 10:27:42 AM io.gapi.emulators.netty.HttpVersionRoutingHandler channelRead
INFO: Detected non-HTTP/2 connection.
 {"metadata":{"emulator":{"name":"firestore"},"message":"Jul 19, 2026 10:27:42 AM io.gapi.emulators.netty.HttpVersionRoutingHandler channelRead\nINFO: Detected non-HTTP/2 connection.\n"}}
[debug] [2026-07-19T08:28:42.857Z] Jul 19, 2026 10:28:42 AM io.gapi.emulators.netty.HttpVersionRoutingHandler channelRead
INFO: Detected non-HTTP/2 connection.
 {"metadata":{"emulator":{"name":"firestore"},"message":"Jul 19, 2026 10:28:42 AM io.gapi.emulators.netty.HttpVersionRoutingHandler channelRead\nINFO: Detected non-HTTP/2 connection.\n"}}
[debug] [2026-07-19T08:29:27.874Z] Jul 19, 2026 10:29:27 AM io.gapi.emulators.netty.HttpVersionRoutingHandler channelRead
INFO: Detected non-HTTP/2 connection.
 {"metadata":{"emulator":{"name":"firestore"},"message":"Jul 19, 2026 10:29:27 AM io.gapi.emulators.netty.HttpVersionRoutingHandler channelRead\nINFO: Detected non-HTTP/2 connection.\n"}}
[debug] [2026-07-19T08:30:13.824Z] Jul 19, 2026 10:30:13 AM io.gapi.emulators.netty.HttpVersionRoutingHandler channelRead
INFO: Detected non-HTTP/2 connection.
 {"metadata":{"emulator":{"name":"firestore"},"message":"Jul 19, 2026 10:30:13 AM io.gapi.emulators.netty.HttpVersionRoutingHandler channelRead\nINFO: Detected non-HTTP/2 connection.\n"}}
[debug] [2026-07-19T08:30:59.813Z] Jul 19, 2026 10:30:59 AM io.gapi.emulators.netty.HttpVersionRoutingHandler channelRead
INFO: Detected non-HTTP/2 connection.
 {"metadata":{"emulator":{"name":"firestore"},"message":"Jul 19, 2026 10:30:59 AM io.gapi.emulators.netty.HttpVersionRoutingHandler channelRead\nINFO: Detected non-HTTP/2 connection.\n"}}
[debug] [2026-07-19T08:32:15.820Z] Jul 19, 2026 10:32:15 AM io.gapi.emulators.netty.HttpVersionRoutingHandler channelRead
INFO: Detected non-HTTP/2 connection.
 {"metadata":{"emulator":{"name":"firestore"},"message":"Jul 19, 2026 10:32:15 AM io.gapi.emulators.netty.HttpVersionRoutingHandler channelRead\nINFO: Detected non-HTTP/2 connection.\n"}}
[debug] [2026-07-19T08:33:15.839Z] Jul 19, 2026 10:33:15 AM io.gapi.emulators.netty.HttpVersionRoutingHandler channelRead
INFO: Detected non-HTTP/2 connection.
 {"metadata":{"emulator":{"name":"firestore"},"message":"Jul 19, 2026 10:33:15 AM io.gapi.emulators.netty.HttpVersionRoutingHandler channelRead\nINFO: Detected non-HTTP/2 connection.\n"}}
[debug] [2026-07-19T08:34:01.821Z] Jul 19, 2026 10:34:01 AM io.gapi.emulators.netty.HttpVersionRoutingHandler channelRead
INFO: Detected non-HTTP/2 connection.
 {"metadata":{"emulator":{"name":"firestore"},"message":"Jul 19, 2026 10:34:01 AM io.gapi.emulators.netty.HttpVersionRoutingHandler channelRead\nINFO: Detected non-HTTP/2 connection.\n"}}
[debug] [2026-07-19T08:35:01.837Z] Jul 19, 2026 10:35:01 AM io.gapi.emulators.netty.HttpVersionRoutingHandler channelRead
INFO: Detected non-HTTP/2 connection.
 {"metadata":{"emulator":{"name":"firestore"},"message":"Jul 19, 2026 10:35:01 AM io.gapi.emulators.netty.HttpVersionRoutingHandler channelRead\nINFO: Detected non-HTTP/2 connection.\n"}}
[debug] [2026-07-19T08:35:47.813Z] Jul 19, 2026 10:35:47 AM io.gapi.emulators.netty.HttpVersionRoutingHandler channelRead
INFO: Detected non-HTTP/2 connection.
 {"metadata":{"emulator":{"name":"firestore"},"message":"Jul 19, 2026 10:35:47 AM io.gapi.emulators.netty.HttpVersionRoutingHandler channelRead\nINFO: Detected non-HTTP/2 connection.\n"}}
[debug] [2026-07-19T08:37:03.820Z] Jul 19, 2026 10:37:03 AM io.gapi.emulators.netty.HttpVersionRoutingHandler channelRead
INFO: Detected non-HTTP/2 connection.
 {"metadata":{"emulator":{"name":"firestore"},"message":"Jul 19, 2026 10:37:03 AM io.gapi.emulators.netty.HttpVersionRoutingHandler channelRead\nINFO: Detected non-HTTP/2 connection.\n"}}
[debug] [2026-07-19T08:38:19.818Z] Jul 19, 2026 10:38:19 AM io.gapi.emulators.netty.HttpVersionRoutingHandler channelRead
INFO: Detected non-HTTP/2 connection.
 {"metadata":{"emulator":{"name":"firestore"},"message":"Jul 19, 2026 10:38:19 AM io.gapi.emulators.netty.HttpVersionRoutingHandler channelRead\nINFO: Detected non-HTTP/2 connection.\n"}}
[debug] [2026-07-19T08:39:19.836Z] Jul 19, 2026 10:39:19 AM io.gapi.emulators.netty.HttpVersionRoutingHandler channelRead
INFO: Detected non-HTTP/2 connection.
 {"metadata":{"emulator":{"name":"firestore"},"message":"Jul 19, 2026 10:39:19 AM io.gapi.emulators.netty.HttpVersionRoutingHandler channelRead\nINFO: Detected non-HTTP/2 connection.\n"}}
[debug] [2026-07-19T08:40:05.822Z] Jul 19, 2026 10:40:05 AM io.gapi.emulators.netty.HttpVersionRoutingHandler channelRead
INFO: Detected non-HTTP/2 connection.
 {"metadata":{"emulator":{"name":"firestore"},"message":"Jul 19, 2026 10:40:05 AM io.gapi.emulators.netty.HttpVersionRoutingHandler channelRead\nINFO: Detected non-HTTP/2 connection.\n"}}
[debug] [2026-07-19T08:41:05.849Z] Jul 19, 2026 10:41:05 AM io.gapi.emulators.netty.HttpVersionRoutingHandler channelRead
INFO: Detected non-HTTP/2 connection.
 {"metadata":{"emulator":{"name":"firestore"},"message":"Jul 19, 2026 10:41:05 AM io.gapi.emulators.netty.HttpVersionRoutingHandler channelRead\nINFO: Detected non-HTTP/2 connection.\n"}}
[debug] [2026-07-19T08:41:51.816Z] Jul 19, 2026 10:41:51 AM io.gapi.emulators.netty.HttpVersionRoutingHandler channelRead
INFO: Detected non-HTTP/2 connection.
 {"metadata":{"emulator":{"name":"firestore"},"message":"Jul 19, 2026 10:41:51 AM io.gapi.emulators.netty.HttpVersionRoutingHandler channelRead\nINFO: Detected non-HTTP/2 connection.\n"}}
[debug] [2026-07-19T08:43:07.821Z] Jul 19, 2026 10:43:07 AM io.gapi.emulators.netty.HttpVersionRoutingHandler channelRead
INFO: Detected non-HTTP/2 connection.
 {"metadata":{"emulator":{"name":"firestore"},"message":"Jul 19, 2026 10:43:07 AM io.gapi.emulators.netty.HttpVersionRoutingHandler channelRead\nINFO: Detected non-HTTP/2 connection.\n"}}
[debug] [2026-07-19T08:44:23.812Z] Jul 19, 2026 10:44:23 AM io.gapi.emulators.netty.HttpVersionRoutingHandler channelRead
INFO: Detected non-HTTP/2 connection.
 {"metadata":{"emulator":{"name":"firestore"},"message":"Jul 19, 2026 10:44:23 AM io.gapi.emulators.netty.HttpVersionRoutingHandler channelRead\nINFO: Detected non-HTTP/2 connection.\n"}}
[debug] [2026-07-19T08:45:23.829Z] Jul 19, 2026 10:45:23 AM io.gapi.emulators.netty.HttpVersionRoutingHandler channelRead
INFO: Detected non-HTTP/2 connection.
 {"metadata":{"emulator":{"name":"firestore"},"message":"Jul 19, 2026 10:45:23 AM io.gapi.emulators.netty.HttpVersionRoutingHandler channelRead\nINFO: Detected non-HTTP/2 connection.\n"}}
[debug] [2026-07-19T08:46:23.838Z] Jul 19, 2026 10:46:23 AM io.gapi.emulators.netty.HttpVersionRoutingHandler channelRead
INFO: Detected non-HTTP/2 connection.
 {"metadata":{"emulator":{"name":"firestore"},"message":"Jul 19, 2026 10:46:23 AM io.gapi.emulators.netty.HttpVersionRoutingHandler channelRead\nINFO: Detected non-HTTP/2 connection.\n"}}
[debug] [2026-07-19T08:46:31.662Z] Jul 19, 2026 10:46:31 AM com.google.cloud.datastore.emulator.firestore.websocket.WebSocketChannelHandler channelClosed
INFO: Websocket client disconnected
 {"metadata":{"emulator":{"name":"firestore"},"message":"Jul 19, 2026 10:46:31 AM com.google.cloud.datastore.emulator.firestore.websocket.WebSocketChannelHandler channelClosed\nINFO: Websocket client disconnected\n"}}
[debug] [2026-07-19T08:46:31.662Z] Jul 19, 2026 10:46:31 AM com.google.cloud.datastore.emulator.firestore.websocket.WebSocketChannelHandler channelClosed
INFO: Websocket client disconnected
 {"metadata":{"emulator":{"name":"firestore"},"message":"Jul 19, 2026 10:46:31 AM com.google.cloud.datastore.emulator.firestore.websocket.WebSocketChannelHandler channelClosed\nINFO: Websocket client disconnected\n"}}
[debug] [2026-07-19T08:46:31.663Z] Jul 19, 2026 10:46:31 AM io.gapi.emulators.netty.HttpVersionRoutingHandler channelRead
INFO: Detected non-HTTP/2 connection.
 {"metadata":{"emulator":{"name":"firestore"},"message":"Jul 19, 2026 10:46:31 AM io.gapi.emulators.netty.HttpVersionRoutingHandler channelRead\nINFO: Detected non-HTTP/2 connection.\n"}}
[debug] [2026-07-19T08:46:31.852Z] Jul 19, 2026 10:46:31 AM io.gapi.emulators.netty.HttpVersionRoutingHandler channelRead
INFO: Detected non-HTTP/2 connection.
 {"metadata":{"emulator":{"name":"firestore"},"message":"Jul 19, 2026 10:46:31 AM io.gapi.emulators.netty.HttpVersionRoutingHandler channelRead\nINFO: Detected non-HTTP/2 connection.\n"}}
[debug] [2026-07-19T08:46:31.864Z] Jul 19, 2026 10:46:31 AM io.gapi.emulators.netty.HttpVersionRoutingHandler channelRead
INFO: Detected non-HTTP/2 connection.
 {"metadata":{"emulator":{"name":"firestore"},"message":"Jul 19, 2026 10:46:31 AM io.gapi.emulators.netty.HttpVersionRoutingHandler channelRead\nINFO: Detected non-HTTP/2 connection.\n"}}
[debug] [2026-07-19T08:46:31.869Z] Jul 19, 2026 10:46:31 AM io.gapi.emulators.netty.HttpVersionRoutingHandler channelRead
INFO: Detected non-HTTP/2 connection.
 {"metadata":{"emulator":{"name":"firestore"},"message":"Jul 19, 2026 10:46:31 AM io.gapi.emulators.netty.HttpVersionRoutingHandler channelRead\nINFO: Detected non-HTTP/2 connection.\n"}}
[debug] [2026-07-19T08:46:31.873Z] Jul 19, 2026 10:46:31 AM io.gapi.emulators.netty.HttpVersionRoutingHandler channelRead
INFO: Detected non-HTTP/2 connection.
 {"metadata":{"emulator":{"name":"firestore"},"message":"Jul 19, 2026 10:46:31 AM io.gapi.emulators.netty.HttpVersionRoutingHandler channelRead\nINFO: Detected non-HTTP/2 connection.\n"}}
[debug] [2026-07-19T08:46:31.911Z] Jul 19, 2026 10:46:31 AM io.gapi.emulators.netty.HttpVersionRoutingHandler channelRead
INFO: Detected non-HTTP/2 connection.
 {"metadata":{"emulator":{"name":"firestore"},"message":"Jul 19, 2026 10:46:31 AM io.gapi.emulators.netty.HttpVersionRoutingHandler channelRead\nINFO: Detected non-HTTP/2 connection.\n"}}
[debug] [2026-07-19T08:46:31.921Z] Jul 19, 2026 10:46:31 AM io.gapi.emulators.netty.HttpVersionRoutingHandler channelRead
INFO: Detected non-HTTP/2 connection.
 {"metadata":{"emulator":{"name":"firestore"},"message":"Jul 19, 2026 10:46:31 AM io.gapi.emulators.netty.HttpVersionRoutingHandler channelRead\nINFO: Detected non-HTTP/2 connection.\n"}}
[debug] [2026-07-19T08:46:31.934Z] Jul 19, 2026 10:46:31 AM io.gapi.emulators.netty.HttpVersionRoutingHandler channelRead
INFO: Detected non-HTTP/2 connection.
 {"metadata":{"emulator":{"name":"firestore"},"message":"Jul 19, 2026 10:46:31 AM io.gapi.emulators.netty.HttpVersionRoutingHandler channelRead\nINFO: Detected non-HTTP/2 connection.\n"}}
[debug] [2026-07-19T08:50:01.679Z] Jul 19, 2026 10:50:01 AM io.gapi.emulators.netty.HttpVersionRoutingHandler channelRead
INFO: Detected non-HTTP/2 connection.
 {"metadata":{"emulator":{"name":"firestore"},"message":"Jul 19, 2026 10:50:01 AM io.gapi.emulators.netty.HttpVersionRoutingHandler channelRead\nINFO: Detected non-HTTP/2 connection.\n"}}
[debug] [2026-07-19T08:50:38.682Z] Jul 19, 2026 10:50:38 AM com.google.cloud.datastore.emulator.firestore.websocket.WebSocketChannelHandler initChannel
INFO: Connected to new websocket client
 {"metadata":{"emulator":{"name":"firestore"},"message":"Jul 19, 2026 10:50:38 AM com.google.cloud.datastore.emulator.firestore.websocket.WebSocketChannelHandler initChannel\nINFO: Connected to new websocket client\n"}}
[debug] [2026-07-19T08:50:38.682Z] Jul 19, 2026 10:50:38 AM com.google.cloud.datastore.emulator.firestore.websocket.WebSocketChannelHandler initChannel
INFO: Connected to new websocket client
 {"metadata":{"emulator":{"name":"firestore"},"message":"Jul 19, 2026 10:50:38 AM com.google.cloud.datastore.emulator.firestore.websocket.WebSocketChannelHandler initChannel\nINFO: Connected to new websocket client\n"}}
[debug] [2026-07-19T08:50:47.652Z] Jul 19, 2026 10:50:47 AM io.gapi.emulators.netty.HttpVersionRoutingHandler channelRead
INFO: Detected non-HTTP/2 connection.
 {"metadata":{"emulator":{"name":"firestore"},"message":"Jul 19, 2026 10:50:47 AM io.gapi.emulators.netty.HttpVersionRoutingHandler channelRead\nINFO: Detected non-HTTP/2 connection.\n"}}
[debug] [2026-07-19T08:51:47.672Z] Jul 19, 2026 10:51:47 AM io.gapi.emulators.netty.HttpVersionRoutingHandler channelRead
INFO: Detected non-HTTP/2 connection.
 {"metadata":{"emulator":{"name":"firestore"},"message":"Jul 19, 2026 10:51:47 AM io.gapi.emulators.netty.HttpVersionRoutingHandler channelRead\nINFO: Detected non-HTTP/2 connection.\n"}}
[debug] [2026-07-19T08:52:47.678Z] Jul 19, 2026 10:52:47 AM io.gapi.emulators.netty.HttpVersionRoutingHandler channelRead
INFO: Detected non-HTTP/2 connection.
 {"metadata":{"emulator":{"name":"firestore"},"message":"Jul 19, 2026 10:52:47 AM io.gapi.emulators.netty.HttpVersionRoutingHandler channelRead\nINFO: Detected non-HTTP/2 connection.\n"}}
[debug] [2026-07-19T08:53:33.651Z] Jul 19, 2026 10:53:33 AM io.gapi.emulators.netty.HttpVersionRoutingHandler channelRead
INFO: Detected non-HTTP/2 connection.
 {"metadata":{"emulator":{"name":"firestore"},"message":"Jul 19, 2026 10:53:33 AM io.gapi.emulators.netty.HttpVersionRoutingHandler channelRead\nINFO: Detected non-HTTP/2 connection.\n"}}
[debug] [2026-07-19T08:54:33.670Z] Jul 19, 2026 10:54:33 AM io.gapi.emulators.netty.HttpVersionRoutingHandler channelRead
INFO: Detected non-HTTP/2 connection.
 {"metadata":{"emulator":{"name":"firestore"},"message":"Jul 19, 2026 10:54:33 AM io.gapi.emulators.netty.HttpVersionRoutingHandler channelRead\nINFO: Detected non-HTTP/2 connection.\n"}}
[debug] [2026-07-19T08:55:33.677Z] Jul 19, 2026 10:55:33 AM io.gapi.emulators.netty.HttpVersionRoutingHandler channelRead
INFO: Detected non-HTTP/2 connection.
 {"metadata":{"emulator":{"name":"firestore"},"message":"Jul 19, 2026 10:55:33 AM io.gapi.emulators.netty.HttpVersionRoutingHandler channelRead\nINFO: Detected non-HTTP/2 connection.\n"}}
[debug] [2026-07-19T08:56:19.650Z] Jul 19, 2026 10:56:19 AM io.gapi.emulators.netty.HttpVersionRoutingHandler channelRead
INFO: Detected non-HTTP/2 connection.
 {"metadata":{"emulator":{"name":"firestore"},"message":"Jul 19, 2026 10:56:19 AM io.gapi.emulators.netty.HttpVersionRoutingHandler channelRead\nINFO: Detected non-HTTP/2 connection.\n"}}
[debug] [2026-07-19T08:57:19.672Z] Jul 19, 2026 10:57:19 AM io.gapi.emulators.netty.HttpVersionRoutingHandler channelRead
INFO: Detected non-HTTP/2 connection.
 {"metadata":{"emulator":{"name":"firestore"},"message":"Jul 19, 2026 10:57:19 AM io.gapi.emulators.netty.HttpVersionRoutingHandler channelRead\nINFO: Detected non-HTTP/2 connection.\n"}}
[debug] [2026-07-19T08:58:05.649Z] Jul 19, 2026 10:58:05 AM io.gapi.emulators.netty.HttpVersionRoutingHandler channelRead
INFO: Detected non-HTTP/2 connection.
 {"metadata":{"emulator":{"name":"firestore"},"message":"Jul 19, 2026 10:58:05 AM io.gapi.emulators.netty.HttpVersionRoutingHandler channelRead\nINFO: Detected non-HTTP/2 connection.\n"}}
[debug] [2026-07-19T08:58:51.650Z] Jul 19, 2026 10:58:51 AM io.gapi.emulators.netty.HttpVersionRoutingHandler channelRead
INFO: Detected non-HTTP/2 connection.
 {"metadata":{"emulator":{"name":"firestore"},"message":"Jul 19, 2026 10:58:51 AM io.gapi.emulators.netty.HttpVersionRoutingHandler channelRead\nINFO: Detected non-HTTP/2 connection.\n"}}
[debug] [2026-07-19T08:59:51.672Z] Jul 19, 2026 10:59:51 AM io.gapi.emulators.netty.HttpVersionRoutingHandler channelRead
INFO: Detected non-HTTP/2 connection.
 {"metadata":{"emulator":{"name":"firestore"},"message":"Jul 19, 2026 10:59:51 AM io.gapi.emulators.netty.HttpVersionRoutingHandler channelRead\nINFO: Detected non-HTTP/2 connection.\n"}}
[debug] [2026-07-19T09:00:51.682Z] Jul 19, 2026 11:00:51 AM io.gapi.emulators.netty.HttpVersionRoutingHandler channelRead
INFO: Detected non-HTTP/2 connection.
 {"metadata":{"emulator":{"name":"firestore"},"message":"Jul 19, 2026 11:00:51 AM io.gapi.emulators.netty.HttpVersionRoutingHandler channelRead\nINFO: Detected non-HTTP/2 connection.\n"}}
[debug] [2026-07-19T09:01:51.693Z] Jul 19, 2026 11:01:51 AM io.gapi.emulators.netty.HttpVersionRoutingHandler channelRead
INFO: Detected non-HTTP/2 connection.
 {"metadata":{"emulator":{"name":"firestore"},"message":"Jul 19, 2026 11:01:51 AM io.gapi.emulators.netty.HttpVersionRoutingHandler channelRead\nINFO: Detected non-HTTP/2 connection.\n"}}
[debug] [2026-07-19T09:02:37.650Z] Jul 19, 2026 11:02:37 AM io.gapi.emulators.netty.HttpVersionRoutingHandler channelRead
INFO: Detected non-HTTP/2 connection.
 {"metadata":{"emulator":{"name":"firestore"},"message":"Jul 19, 2026 11:02:37 AM io.gapi.emulators.netty.HttpVersionRoutingHandler channelRead\nINFO: Detected non-HTTP/2 connection.\n"}}
[debug] [2026-07-19T09:03:37.681Z] Jul 19, 2026 11:03:37 AM io.gapi.emulators.netty.HttpVersionRoutingHandler channelRead
INFO: Detected non-HTTP/2 connection.
 {"metadata":{"emulator":{"name":"firestore"},"message":"Jul 19, 2026 11:03:37 AM io.gapi.emulators.netty.HttpVersionRoutingHandler channelRead\nINFO: Detected non-HTTP/2 connection.\n"}}
[debug] [2026-07-19T09:04:37.697Z] Jul 19, 2026 11:04:37 AM io.gapi.emulators.netty.HttpVersionRoutingHandler channelRead
INFO: Detected non-HTTP/2 connection.
 {"metadata":{"emulator":{"name":"firestore"},"message":"Jul 19, 2026 11:04:37 AM io.gapi.emulators.netty.HttpVersionRoutingHandler channelRead\nINFO: Detected non-HTTP/2 connection.\n"}}
[debug] [2026-07-19T09:05:37.707Z] Jul 19, 2026 11:05:37 AM io.gapi.emulators.netty.HttpVersionRoutingHandler channelRead
INFO: Detected non-HTTP/2 connection.
 {"metadata":{"emulator":{"name":"firestore"},"message":"Jul 19, 2026 11:05:37 AM io.gapi.emulators.netty.HttpVersionRoutingHandler channelRead\nINFO: Detected non-HTTP/2 connection.\n"}}
[debug] [2026-07-19T09:06:37.718Z] Jul 19, 2026 11:06:37 AM io.gapi.emulators.netty.HttpVersionRoutingHandler channelRead
INFO: Detected non-HTTP/2 connection.
 {"metadata":{"emulator":{"name":"firestore"},"message":"Jul 19, 2026 11:06:37 AM io.gapi.emulators.netty.HttpVersionRoutingHandler channelRead\nINFO: Detected non-HTTP/2 connection.\n"}}
[debug] [2026-07-19T09:07:37.740Z] Jul 19, 2026 11:07:37 AM io.gapi.emulators.netty.HttpVersionRoutingHandler channelRead
INFO: Detected non-HTTP/2 connection.
 {"metadata":{"emulator":{"name":"firestore"},"message":"Jul 19, 2026 11:07:37 AM io.gapi.emulators.netty.HttpVersionRoutingHandler channelRead\nINFO: Detected non-HTTP/2 connection.\n"}}
[debug] [2026-07-19T09:08:37.763Z] Jul 19, 2026 11:08:37 AM io.gapi.emulators.netty.HttpVersionRoutingHandler channelRead
INFO: Detected non-HTTP/2 connection.
 {"metadata":{"emulator":{"name":"firestore"},"message":"Jul 19, 2026 11:08:37 AM io.gapi.emulators.netty.HttpVersionRoutingHandler channelRead\nINFO: Detected non-HTTP/2 connection.\n"}}
[debug] [2026-07-19T09:09:37.780Z] Jul 19, 2026 11:09:37 AM io.gapi.emulators.netty.HttpVersionRoutingHandler channelRead
INFO: Detected non-HTTP/2 connection.
 {"metadata":{"emulator":{"name":"firestore"},"message":"Jul 19, 2026 11:09:37 AM io.gapi.emulators.netty.HttpVersionRoutingHandler channelRead\nINFO: Detected non-HTTP/2 connection.\n"}}
[debug] [2026-07-19T09:10:37.792Z] Jul 19, 2026 11:10:37 AM io.gapi.emulators.netty.HttpVersionRoutingHandler channelRead
INFO: Detected non-HTTP/2 connection.
 {"metadata":{"emulator":{"name":"firestore"},"message":"Jul 19, 2026 11:10:37 AM io.gapi.emulators.netty.HttpVersionRoutingHandler channelRead\nINFO: Detected non-HTTP/2 connection.\n"}}
[debug] [2026-07-19T09:11:37.809Z] Jul 19, 2026 11:11:37 AM io.gapi.emulators.netty.HttpVersionRoutingHandler channelRead
INFO: Detected non-HTTP/2 connection.
 {"metadata":{"emulator":{"name":"firestore"},"message":"Jul 19, 2026 11:11:37 AM io.gapi.emulators.netty.HttpVersionRoutingHandler channelRead\nINFO: Detected non-HTTP/2 connection.\n"}}
[debug] [2026-07-19T09:12:17.978Z] Jul 19, 2026 11:12:17 AM io.gapi.emulators.netty.HttpVersionRoutingHandler channelRead
INFO: Detected non-HTTP/2 connection.
 {"metadata":{"emulator":{"name":"firestore"},"message":"Jul 19, 2026 11:12:17 AM io.gapi.emulators.netty.HttpVersionRoutingHandler channelRead\nINFO: Detected non-HTTP/2 connection.\n"}}
[debug] [2026-07-19T09:12:17.999Z] Jul 19, 2026 11:12:17 AM io.gapi.emulators.netty.HttpVersionRoutingHandler channelRead
INFO: Detected non-HTTP/2 connection.
 {"metadata":{"emulator":{"name":"firestore"},"message":"Jul 19, 2026 11:12:17 AM io.gapi.emulators.netty.HttpVersionRoutingHandler channelRead\nINFO: Detected non-HTTP/2 connection.\n"}}
[debug] [2026-07-19T09:12:18.505Z] Jul 19, 2026 11:12:18 AM io.gapi.emulators.netty.HttpVersionRoutingHandler channelRead
INFO: Detected non-HTTP/2 connection.
 {"metadata":{"emulator":{"name":"firestore"},"message":"Jul 19, 2026 11:12:18 AM io.gapi.emulators.netty.HttpVersionRoutingHandler channelRead\nINFO: Detected non-HTTP/2 connection.\n"}}
[debug] [2026-07-19T09:12:18.509Z] Jul 19, 2026 11:12:18 AM io.gapi.emulators.netty.HttpVersionRoutingHandler channelRead
INFO: Detected non-HTTP/2 connection.
 {"metadata":{"emulator":{"name":"firestore"},"message":"Jul 19, 2026 11:12:18 AM io.gapi.emulators.netty.HttpVersionRoutingHandler channelRead\nINFO: Detected non-HTTP/2 connection.\n"}}
[debug] [2026-07-19T09:12:18.517Z] Jul 19, 2026 11:12:18 AM io.gapi.emulators.netty.HttpVersionRoutingHandler channelRead
INFO: Detected non-HTTP/2 connection.
 {"metadata":{"emulator":{"name":"firestore"},"message":"Jul 19, 2026 11:12:18 AM io.gapi.emulators.netty.HttpVersionRoutingHandler channelRead\nINFO: Detected non-HTTP/2 connection.\n"}}
[debug] [2026-07-19T09:12:18.540Z] Jul 19, 2026 11:12:18 AM io.gapi.emulators.netty.HttpVersionRoutingHandler channelRead
INFO: Detected non-HTTP/2 connection.
 {"metadata":{"emulator":{"name":"firestore"},"message":"Jul 19, 2026 11:12:18 AM io.gapi.emulators.netty.HttpVersionRoutingHandler channelRead\nINFO: Detected non-HTTP/2 connection.\n"}}
[debug] [2026-07-19T09:12:48.568Z] Jul 19, 2026 11:12:48 AM io.gapi.emulators.netty.HttpVersionRoutingHandler channelRead
INFO: Detected non-HTTP/2 connection.
 {"metadata":{"emulator":{"name":"firestore"},"message":"Jul 19, 2026 11:12:48 AM io.gapi.emulators.netty.HttpVersionRoutingHandler channelRead\nINFO: Detected non-HTTP/2 connection.\n"}}
[debug] [2026-07-19T09:13:33.576Z] Jul 19, 2026 11:13:33 AM io.gapi.emulators.netty.HttpVersionRoutingHandler channelRead
INFO: Detected non-HTTP/2 connection.
 {"metadata":{"emulator":{"name":"firestore"},"message":"Jul 19, 2026 11:13:33 AM io.gapi.emulators.netty.HttpVersionRoutingHandler channelRead\nINFO: Detected non-HTTP/2 connection.\n"}}
[debug] [2026-07-19T09:14:33.590Z] Jul 19, 2026 11:14:33 AM io.gapi.emulators.netty.HttpVersionRoutingHandler channelRead
INFO: Detected non-HTTP/2 connection.
 {"metadata":{"emulator":{"name":"firestore"},"message":"Jul 19, 2026 11:14:33 AM io.gapi.emulators.netty.HttpVersionRoutingHandler channelRead\nINFO: Detected non-HTTP/2 connection.\n"}}
[debug] [2026-07-19T09:15:06.281Z] Jul 19, 2026 11:15:06 AM com.google.cloud.datastore.emulator.firestore.websocket.WebSocketChannelHandler channelClosed
INFO: Websocket client disconnected
 {"metadata":{"emulator":{"name":"firestore"},"message":"Jul 19, 2026 11:15:06 AM com.google.cloud.datastore.emulator.firestore.websocket.WebSocketChannelHandler channelClosed\nINFO: Websocket client disconnected\n"}}
[debug] [2026-07-19T09:15:06.282Z] Jul 19, 2026 11:15:06 AM com.google.cloud.datastore.emulator.firestore.websocket.WebSocketChannelHandler channelClosed
INFO: Websocket client disconnected
 {"metadata":{"emulator":{"name":"firestore"},"message":"Jul 19, 2026 11:15:06 AM com.google.cloud.datastore.emulator.firestore.websocket.WebSocketChannelHandler channelClosed\nINFO: Websocket client disconnected\n"}}
[debug] [2026-07-19T09:15:06.285Z] Jul 19, 2026 11:15:06 AM io.gapi.emulators.netty.HttpVersionRoutingHandler channelRead
INFO: Detected non-HTTP/2 connection.
 {"metadata":{"emulator":{"name":"firestore"},"message":"Jul 19, 2026 11:15:06 AM io.gapi.emulators.netty.HttpVersionRoutingHandler channelRead\nINFO: Detected non-HTTP/2 connection.\n"}}
[debug] [2026-07-19T09:15:06.385Z] Jul 19, 2026 11:15:06 AM io.gapi.emulators.netty.HttpVersionRoutingHandler channelRead
INFO: Detected non-HTTP/2 connection.
 {"metadata":{"emulator":{"name":"firestore"},"message":"Jul 19, 2026 11:15:06 AM io.gapi.emulators.netty.HttpVersionRoutingHandler channelRead\nINFO: Detected non-HTTP/2 connection.\n"}}
[debug] [2026-07-19T09:15:06.468Z] Jul 19, 2026 11:15:06 AM io.gapi.emulators.netty.HttpVersionRoutingHandler channelRead
INFO: Detected non-HTTP/2 connection.
 {"metadata":{"emulator":{"name":"firestore"},"message":"Jul 19, 2026 11:15:06 AM io.gapi.emulators.netty.HttpVersionRoutingHandler channelRead\nINFO: Detected non-HTTP/2 connection.\n"}}
[debug] [2026-07-19T09:15:06.488Z] Jul 19, 2026 11:15:06 AM io.gapi.emulators.netty.HttpVersionRoutingHandler channelRead
INFO: Detected non-HTTP/2 connection.
 {"metadata":{"emulator":{"name":"firestore"},"message":"Jul 19, 2026 11:15:06 AM io.gapi.emulators.netty.HttpVersionRoutingHandler channelRead\nINFO: Detected non-HTTP/2 connection.\n"}}
[debug] [2026-07-19T09:15:06.497Z] Jul 19, 2026 11:15:06 AM io.gapi.emulators.netty.HttpVersionRoutingHandler channelRead
INFO: Detected non-HTTP/2 connection.
 {"metadata":{"emulator":{"name":"firestore"},"message":"Jul 19, 2026 11:15:06 AM io.gapi.emulators.netty.HttpVersionRoutingHandler channelRead\nINFO: Detected non-HTTP/2 connection.\n"}}
[debug] [2026-07-19T09:15:06.505Z] Jul 19, 2026 11:15:06 AM io.gapi.emulators.netty.HttpVersionRoutingHandler channelRead
INFO: Detected non-HTTP/2 connection.
 {"metadata":{"emulator":{"name":"firestore"},"message":"Jul 19, 2026 11:15:06 AM io.gapi.emulators.netty.HttpVersionRoutingHandler channelRead\nINFO: Detected non-HTTP/2 connection.\n"}}
[debug] [2026-07-19T09:15:06.546Z] Jul 19, 2026 11:15:06 AM io.gapi.emulators.netty.HttpVersionRoutingHandler channelRead
INFO: Detected non-HTTP/2 connection.
 {"metadata":{"emulator":{"name":"firestore"},"message":"Jul 19, 2026 11:15:06 AM io.gapi.emulators.netty.HttpVersionRoutingHandler channelRead\nINFO: Detected non-HTTP/2 connection.\n"}}
[debug] [2026-07-19T09:15:06.566Z] Jul 19, 2026 11:15:06 AM io.gapi.emulators.netty.HttpVersionRoutingHandler channelRead
INFO: Detected non-HTTP/2 connection.
 {"metadata":{"emulator":{"name":"firestore"},"message":"Jul 19, 2026 11:15:06 AM io.gapi.emulators.netty.HttpVersionRoutingHandler channelRead\nINFO: Detected non-HTTP/2 connection.\n"}}
[debug] [2026-07-19T09:15:06.596Z] Jul 19, 2026 11:15:06 AM io.gapi.emulators.netty.HttpVersionRoutingHandler channelRead
INFO: Detected non-HTTP/2 connection.
 {"metadata":{"emulator":{"name":"firestore"},"message":"Jul 19, 2026 11:15:06 AM io.gapi.emulators.netty.HttpVersionRoutingHandler channelRead\nINFO: Detected non-HTTP/2 connection.\n"}}
[debug] [2026-07-19T09:31:29.793Z] Jul 19, 2026 11:31:29 AM io.gapi.emulators.netty.HttpVersionRoutingHandler channelRead
INFO: Detected non-HTTP/2 connection.
 {"metadata":{"emulator":{"name":"firestore"},"message":"Jul 19, 2026 11:31:29 AM io.gapi.emulators.netty.HttpVersionRoutingHandler channelRead\nINFO: Detected non-HTTP/2 connection.\n"}}
[debug] [2026-07-19T09:31:34.871Z] Jul 19, 2026 11:31:34 AM com.google.cloud.datastore.emulator.firestore.websocket.WebSocketChannelHandler initChannel
INFO: Connected to new websocket client
 {"metadata":{"emulator":{"name":"firestore"},"message":"Jul 19, 2026 11:31:34 AM com.google.cloud.datastore.emulator.firestore.websocket.WebSocketChannelHandler initChannel\nINFO: Connected to new websocket client\n"}}
[debug] [2026-07-19T09:31:34.893Z] Jul 19, 2026 11:31:34 AM com.google.cloud.datastore.emulator.firestore.websocket.WebSocketChannelHandler initChannel
INFO: Connected to new websocket client
 {"metadata":{"emulator":{"name":"firestore"},"message":"Jul 19, 2026 11:31:34 AM com.google.cloud.datastore.emulator.firestore.websocket.WebSocketChannelHandler initChannel\nINFO: Connected to new websocket client\n"}}
[debug] [2026-07-19T09:32:29.807Z] Jul 19, 2026 11:32:29 AM io.gapi.emulators.netty.HttpVersionRoutingHandler channelRead
INFO: Detected non-HTTP/2 connection.
 {"metadata":{"emulator":{"name":"firestore"},"message":"Jul 19, 2026 11:32:29 AM io.gapi.emulators.netty.HttpVersionRoutingHandler channelRead\nINFO: Detected non-HTTP/2 connection.\n"}}
[debug] [2026-07-19T09:33:29.819Z] Jul 19, 2026 11:33:29 AM io.gapi.emulators.netty.HttpVersionRoutingHandler channelRead
INFO: Detected non-HTTP/2 connection.
 {"metadata":{"emulator":{"name":"firestore"},"message":"Jul 19, 2026 11:33:29 AM io.gapi.emulators.netty.HttpVersionRoutingHandler channelRead\nINFO: Detected non-HTTP/2 connection.\n"}}
[debug] [2026-07-19T09:34:14.888Z] Jul 19, 2026 11:34:14 AM io.gapi.emulators.netty.HttpVersionRoutingHandler channelRead
INFO: Detected non-HTTP/2 connection.
 {"metadata":{"emulator":{"name":"firestore"},"message":"Jul 19, 2026 11:34:14 AM io.gapi.emulators.netty.HttpVersionRoutingHandler channelRead\nINFO: Detected non-HTTP/2 connection.\n"}}
[debug] [2026-07-19T09:34:59.897Z] Jul 19, 2026 11:34:59 AM io.gapi.emulators.netty.HttpVersionRoutingHandler channelRead
INFO: Detected non-HTTP/2 connection.
 {"metadata":{"emulator":{"name":"firestore"},"message":"Jul 19, 2026 11:34:59 AM io.gapi.emulators.netty.HttpVersionRoutingHandler channelRead\nINFO: Detected non-HTTP/2 connection.\n"}}
[debug] [2026-07-19T09:35:59.912Z] Jul 19, 2026 11:35:59 AM io.gapi.emulators.netty.HttpVersionRoutingHandler channelRead
INFO: Detected non-HTTP/2 connection.
 {"metadata":{"emulator":{"name":"firestore"},"message":"Jul 19, 2026 11:35:59 AM io.gapi.emulators.netty.HttpVersionRoutingHandler channelRead\nINFO: Detected non-HTTP/2 connection.\n"}}
[debug] [2026-07-19T09:36:44.921Z] Jul 19, 2026 11:36:44 AM io.gapi.emulators.netty.HttpVersionRoutingHandler channelRead
INFO: Detected non-HTTP/2 connection.
 {"metadata":{"emulator":{"name":"firestore"},"message":"Jul 19, 2026 11:36:44 AM io.gapi.emulators.netty.HttpVersionRoutingHandler channelRead\nINFO: Detected non-HTTP/2 connection.\n"}}
[debug] [2026-07-19T09:36:47.405Z] Jul 19, 2026 11:36:47 AM io.gapi.emulators.netty.HttpVersionRoutingHandler channelRead
INFO: Detected non-HTTP/2 connection.
 {"metadata":{"emulator":{"name":"firestore"},"message":"Jul 19, 2026 11:36:47 AM io.gapi.emulators.netty.HttpVersionRoutingHandler channelRead\nINFO: Detected non-HTTP/2 connection.\n"}}
[debug] [2026-07-19T09:36:47.407Z] Jul 19, 2026 11:36:47 AM com.google.cloud.datastore.emulator.firestore.websocket.WebSocketChannelHandler channelClosed
INFO: Websocket client disconnected
Jul 19, 2026 11:36:47 AM com.google.cloud.datastore.emulator.firestore.websocket.WebSocketChannelHandler channelClosed
INFO: Websocket client disconnected
 {"metadata":{"emulator":{"name":"firestore"},"message":"Jul 19, 2026 11:36:47 AM com.google.cloud.datastore.emulator.firestore.websocket.WebSocketChannelHandler channelClosed\nINFO: Websocket client disconnected\nJul 19, 2026 11:36:47 AM com.google.cloud.datastore.emulator.firestore.websocket.WebSocketChannelHandler channelClosed\nINFO: Websocket client disconnected\n"}}
[debug] [2026-07-19T09:36:47.523Z] Jul 19, 2026 11:36:47 AM io.gapi.emulators.netty.HttpVersionRoutingHandler channelRead
INFO: Detected non-HTTP/2 connection.
 {"metadata":{"emulator":{"name":"firestore"},"message":"Jul 19, 2026 11:36:47 AM io.gapi.emulators.netty.HttpVersionRoutingHandler channelRead\nINFO: Detected non-HTTP/2 connection.\n"}}
[debug] [2026-07-19T09:36:47.581Z] Jul 19, 2026 11:36:47 AM io.gapi.emulators.netty.HttpVersionRoutingHandler channelRead
INFO: Detected non-HTTP/2 connection.
 {"metadata":{"emulator":{"name":"firestore"},"message":"Jul 19, 2026 11:36:47 AM io.gapi.emulators.netty.HttpVersionRoutingHandler channelRead\nINFO: Detected non-HTTP/2 connection.\n"}}
[debug] [2026-07-19T09:36:47.617Z] Jul 19, 2026 11:36:47 AM io.gapi.emulators.netty.HttpVersionRoutingHandler channelRead
INFO: Detected non-HTTP/2 connection.
 {"metadata":{"emulator":{"name":"firestore"},"message":"Jul 19, 2026 11:36:47 AM io.gapi.emulators.netty.HttpVersionRoutingHandler channelRead\nINFO: Detected non-HTTP/2 connection.\n"}}
[debug] [2026-07-19T09:36:47.623Z] Jul 19, 2026 11:36:47 AM io.gapi.emulators.netty.HttpVersionRoutingHandler channelRead
INFO: Detected non-HTTP/2 connection.
 {"metadata":{"emulator":{"name":"firestore"},"message":"Jul 19, 2026 11:36:47 AM io.gapi.emulators.netty.HttpVersionRoutingHandler channelRead\nINFO: Detected non-HTTP/2 connection.\n"}}
[debug] [2026-07-19T09:36:47.628Z] Jul 19, 2026 11:36:47 AM io.gapi.emulators.netty.HttpVersionRoutingHandler channelRead
INFO: Detected non-HTTP/2 connection.
 {"metadata":{"emulator":{"name":"firestore"},"message":"Jul 19, 2026 11:36:47 AM io.gapi.emulators.netty.HttpVersionRoutingHandler channelRead\nINFO: Detected non-HTTP/2 connection.\n"}}
[debug] [2026-07-19T09:36:47.672Z] Jul 19, 2026 11:36:47 AM io.gapi.emulators.netty.HttpVersionRoutingHandler channelRead
INFO: Detected non-HTTP/2 connection.
 {"metadata":{"emulator":{"name":"firestore"},"message":"Jul 19, 2026 11:36:47 AM io.gapi.emulators.netty.HttpVersionRoutingHandler channelRead\nINFO: Detected non-HTTP/2 connection.\n"}}
[debug] [2026-07-19T09:36:47.700Z] Jul 19, 2026 11:36:47 AM io.gapi.emulators.netty.HttpVersionRoutingHandler channelRead
INFO: Detected non-HTTP/2 connection.
 {"metadata":{"emulator":{"name":"firestore"},"message":"Jul 19, 2026 11:36:47 AM io.gapi.emulators.netty.HttpVersionRoutingHandler channelRead\nINFO: Detected non-HTTP/2 connection.\n"}}
[debug] [2026-07-19T09:36:47.740Z] Jul 19, 2026 11:36:47 AM io.gapi.emulators.netty.HttpVersionRoutingHandler channelRead
INFO: Detected non-HTTP/2 connection.
 {"metadata":{"emulator":{"name":"firestore"},"message":"Jul 19, 2026 11:36:47 AM io.gapi.emulators.netty.HttpVersionRoutingHandler channelRead\nINFO: Detected non-HTTP/2 connection.\n"}}
[debug] [2026-07-19T09:44:51.861Z] Jul 19, 2026 11:44:51 AM io.gapi.emulators.netty.HttpVersionRoutingHandler channelRead
INFO: Detected non-HTTP/2 connection.
 {"metadata":{"emulator":{"name":"firestore"},"message":"Jul 19, 2026 11:44:51 AM io.gapi.emulators.netty.HttpVersionRoutingHandler channelRead\nINFO: Detected non-HTTP/2 connection.\n"}}
[debug] [2026-07-19T09:45:11.758Z] Jul 19, 2026 11:45:11 AM com.google.cloud.datastore.emulator.firestore.websocket.WebSocketChannelHandler initChannel
INFO: Connected to new websocket client
 {"metadata":{"emulator":{"name":"firestore"},"message":"Jul 19, 2026 11:45:11 AM com.google.cloud.datastore.emulator.firestore.websocket.WebSocketChannelHandler initChannel\nINFO: Connected to new websocket client\n"}}
[debug] [2026-07-19T09:45:11.759Z] Jul 19, 2026 11:45:11 AM com.google.cloud.datastore.emulator.firestore.websocket.WebSocketChannelHandler initChannel
INFO: Connected to new websocket client
 {"metadata":{"emulator":{"name":"firestore"},"message":"Jul 19, 2026 11:45:11 AM com.google.cloud.datastore.emulator.firestore.websocket.WebSocketChannelHandler initChannel\nINFO: Connected to new websocket client\n"}}
[debug] [2026-07-19T09:45:51.870Z] Jul 19, 2026 11:45:51 AM io.gapi.emulators.netty.HttpVersionRoutingHandler channelRead
INFO: Detected non-HTTP/2 connection.
 {"metadata":{"emulator":{"name":"firestore"},"message":"Jul 19, 2026 11:45:51 AM io.gapi.emulators.netty.HttpVersionRoutingHandler channelRead\nINFO: Detected non-HTTP/2 connection.\n"}}
[debug] [2026-07-19T09:46:36.878Z] Jul 19, 2026 11:46:36 AM io.gapi.emulators.netty.HttpVersionRoutingHandler channelRead
INFO: Detected non-HTTP/2 connection.
 {"metadata":{"emulator":{"name":"firestore"},"message":"Jul 19, 2026 11:46:36 AM io.gapi.emulators.netty.HttpVersionRoutingHandler channelRead\nINFO: Detected non-HTTP/2 connection.\n"}}
[debug] [2026-07-19T09:47:36.889Z] Jul 19, 2026 11:47:36 AM io.gapi.emulators.netty.HttpVersionRoutingHandler channelRead
INFO: Detected non-HTTP/2 connection.
 {"metadata":{"emulator":{"name":"firestore"},"message":"Jul 19, 2026 11:47:36 AM io.gapi.emulators.netty.HttpVersionRoutingHandler channelRead\nINFO: Detected non-HTTP/2 connection.\n"}}
[debug] [2026-07-19T09:48:36.900Z] Jul 19, 2026 11:48:36 AM io.gapi.emulators.netty.HttpVersionRoutingHandler channelRead
INFO: Detected non-HTTP/2 connection.
 {"metadata":{"emulator":{"name":"firestore"},"message":"Jul 19, 2026 11:48:36 AM io.gapi.emulators.netty.HttpVersionRoutingHandler channelRead\nINFO: Detected non-HTTP/2 connection.\n"}}
[debug] [2026-07-19T09:49:09.768Z] Jul 19, 2026 11:49:09 AM io.gapi.emulators.netty.HttpVersionRoutingHandler channelRead
INFO: Detected non-HTTP/2 connection.
 {"metadata":{"emulator":{"name":"firestore"},"message":"Jul 19, 2026 11:49:09 AM io.gapi.emulators.netty.HttpVersionRoutingHandler channelRead\nINFO: Detected non-HTTP/2 connection.\n"}}
[debug] [2026-07-19T09:49:09.768Z] Jul 19, 2026 11:49:09 AM io.gapi.emulators.netty.HttpVersionRoutingHandler channelRead
INFO: Detected non-HTTP/2 connection.
 {"metadata":{"emulator":{"name":"firestore"},"message":"Jul 19, 2026 11:49:09 AM io.gapi.emulators.netty.HttpVersionRoutingHandler channelRead\nINFO: Detected non-HTTP/2 connection.\n"}}
[debug] [2026-07-19T09:49:09.770Z] Jul 19, 2026 11:49:09 AM com.google.cloud.datastore.emulator.firestore.webchannel.FirestoreV1WebChannelAdapter$FirestoreListenHandler onClose
INFO: channel closed
 {"metadata":{"emulator":{"name":"firestore"},"message":"Jul 19, 2026 11:49:09 AM com.google.cloud.datastore.emulator.firestore.webchannel.FirestoreV1WebChannelAdapter$FirestoreListenHandler onClose\nINFO: channel closed\n"}}
[debug] [2026-07-19T09:49:09.814Z] Jul 19, 2026 11:49:09 AM io.gapi.emulators.netty.HttpVersionRoutingHandler channelRead
INFO: Detected non-HTTP/2 connection.
 {"metadata":{"emulator":{"name":"firestore"},"message":"Jul 19, 2026 11:49:09 AM io.gapi.emulators.netty.HttpVersionRoutingHandler channelRead\nINFO: Detected non-HTTP/2 connection.\n"}}
[debug] [2026-07-19T09:49:51.230Z] Jul 19, 2026 11:49:51 AM io.gapi.emulators.netty.HttpVersionRoutingHandler channelRead
INFO: Detected non-HTTP/2 connection.
 {"metadata":{"emulator":{"name":"firestore"},"message":"Jul 19, 2026 11:49:51 AM io.gapi.emulators.netty.HttpVersionRoutingHandler channelRead\nINFO: Detected non-HTTP/2 connection.\n"}}
[debug] [2026-07-19T09:49:51.233Z] Jul 19, 2026 11:49:51 AM io.gapi.emulators.netty.HttpVersionRoutingHandler channelRead
INFO: Detected non-HTTP/2 connection.
 {"metadata":{"emulator":{"name":"firestore"},"message":"Jul 19, 2026 11:49:51 AM io.gapi.emulators.netty.HttpVersionRoutingHandler channelRead\nINFO: Detected non-HTTP/2 connection.\n"}}
[debug] [2026-07-19T09:49:51.238Z] Jul 19, 2026 11:49:51 AM io.gapi.emulators.netty.HttpVersionRoutingHandler channelRead
INFO: Detected non-HTTP/2 connection.
 {"metadata":{"emulator":{"name":"firestore"},"message":"Jul 19, 2026 11:49:51 AM io.gapi.emulators.netty.HttpVersionRoutingHandler channelRead\nINFO: Detected non-HTTP/2 connection.\n"}}
[debug] [2026-07-19T09:49:51.242Z] Jul 19, 2026 11:49:51 AM io.gapi.emulators.netty.HttpVersionRoutingHandler channelRead
INFO: Detected non-HTTP/2 connection.
 {"metadata":{"emulator":{"name":"firestore"},"message":"Jul 19, 2026 11:49:51 AM io.gapi.emulators.netty.HttpVersionRoutingHandler channelRead\nINFO: Detected non-HTTP/2 connection.\n"}}
[debug] [2026-07-19T09:49:51.249Z] Jul 19, 2026 11:49:51 AM io.gapi.emulators.netty.HttpVersionRoutingHandler channelRead
INFO: Detected non-HTTP/2 connection.
 {"metadata":{"emulator":{"name":"firestore"},"message":"Jul 19, 2026 11:49:51 AM io.gapi.emulators.netty.HttpVersionRoutingHandler channelRead\nINFO: Detected non-HTTP/2 connection.\n"}}
[debug] [2026-07-19T09:49:51.266Z] Jul 19, 2026 11:49:51 AM io.gapi.emulators.netty.HttpVersionRoutingHandler channelRead
INFO: Detected non-HTTP/2 connection.
 {"metadata":{"emulator":{"name":"firestore"},"message":"Jul 19, 2026 11:49:51 AM io.gapi.emulators.netty.HttpVersionRoutingHandler channelRead\nINFO: Detected non-HTTP/2 connection.\n"}}
[debug] [2026-07-19T09:49:58.929Z] Jul 19, 2026 11:49:58 AM io.gapi.emulators.netty.HttpVersionRoutingHandler channelRead
INFO: Detected non-HTTP/2 connection.
 {"metadata":{"emulator":{"name":"firestore"},"message":"Jul 19, 2026 11:49:58 AM io.gapi.emulators.netty.HttpVersionRoutingHandler channelRead\nINFO: Detected non-HTTP/2 connection.\n"}}
[debug] [2026-07-19T09:49:58.934Z] Jul 19, 2026 11:49:58 AM io.gapi.emulators.netty.HttpVersionRoutingHandler channelRead
INFO: Detected non-HTTP/2 connection.
Jul 19, 2026 11:49:58 AM io.gapi.emulators.netty.HttpVersionRoutingHandler channelRead
INFO: Detected non-HTTP/2 connection.
 {"metadata":{"emulator":{"name":"firestore"},"message":"Jul 19, 2026 11:49:58 AM io.gapi.emulators.netty.HttpVersionRoutingHandler channelRead\nINFO: Detected non-HTTP/2 connection.\nJul 19, 2026 11:49:58 AM io.gapi.emulators.netty.HttpVersionRoutingHandler channelRead\nINFO: Detected non-HTTP/2 connection.\n"}}
[debug] [2026-07-19T09:49:58.937Z] Jul 19, 2026 11:49:58 AM io.gapi.emulators.netty.HttpVersionRoutingHandler channelRead
INFO: Detected non-HTTP/2 connection.
 {"metadata":{"emulator":{"name":"firestore"},"message":"Jul 19, 2026 11:49:58 AM io.gapi.emulators.netty.HttpVersionRoutingHandler channelRead\nINFO: Detected non-HTTP/2 connection.\n"}}
[debug] [2026-07-19T09:49:58.948Z] Jul 19, 2026 11:49:58 AM io.gapi.emulators.netty.HttpVersionRoutingHandler channelRead
INFO: Detected non-HTTP/2 connection.
 {"metadata":{"emulator":{"name":"firestore"},"message":"Jul 19, 2026 11:49:58 AM io.gapi.emulators.netty.HttpVersionRoutingHandler channelRead\nINFO: Detected non-HTTP/2 connection.\n"}}
[debug] [2026-07-19T09:49:58.971Z] Jul 19, 2026 11:49:58 AM io.gapi.emulators.netty.HttpVersionRoutingHandler channelRead
INFO: Detected non-HTTP/2 connection.
 {"metadata":{"emulator":{"name":"firestore"},"message":"Jul 19, 2026 11:49:58 AM io.gapi.emulators.netty.HttpVersionRoutingHandler channelRead\nINFO: Detected non-HTTP/2 connection.\n"}}
[debug] [2026-07-19T09:50:59.028Z] Jul 19, 2026 11:50:59 AM io.gapi.emulators.netty.HttpVersionRoutingHandler channelRead
INFO: Detected non-HTTP/2 connection.
 {"metadata":{"emulator":{"name":"firestore"},"message":"Jul 19, 2026 11:50:59 AM io.gapi.emulators.netty.HttpVersionRoutingHandler channelRead\nINFO: Detected non-HTTP/2 connection.\n"}}
[debug] [2026-07-19T09:51:44.037Z] Jul 19, 2026 11:51:44 AM io.gapi.emulators.netty.HttpVersionRoutingHandler channelRead
INFO: Detected non-HTTP/2 connection.
 {"metadata":{"emulator":{"name":"firestore"},"message":"Jul 19, 2026 11:51:44 AM io.gapi.emulators.netty.HttpVersionRoutingHandler channelRead\nINFO: Detected non-HTTP/2 connection.\n"}}
[debug] [2026-07-19T09:52:59.061Z] Jul 19, 2026 11:52:59 AM io.gapi.emulators.netty.HttpVersionRoutingHandler channelRead
INFO: Detected non-HTTP/2 connection.
 {"metadata":{"emulator":{"name":"firestore"},"message":"Jul 19, 2026 11:52:59 AM io.gapi.emulators.netty.HttpVersionRoutingHandler channelRead\nINFO: Detected non-HTTP/2 connection.\n"}}
[debug] [2026-07-19T09:53:56.535Z] Jul 19, 2026 11:53:56 AM com.google.cloud.datastore.emulator.firestore.websocket.WebSocketChannelHandler channelClosed
INFO: Websocket client disconnected
 {"metadata":{"emulator":{"name":"firestore"},"message":"Jul 19, 2026 11:53:56 AM com.google.cloud.datastore.emulator.firestore.websocket.WebSocketChannelHandler channelClosed\nINFO: Websocket client disconnected\n"}}
[debug] [2026-07-19T09:53:56.539Z] Jul 19, 2026 11:53:56 AM com.google.cloud.datastore.emulator.firestore.websocket.WebSocketChannelHandler channelClosed
INFO: Websocket client disconnected
 {"metadata":{"emulator":{"name":"firestore"},"message":"Jul 19, 2026 11:53:56 AM com.google.cloud.datastore.emulator.firestore.websocket.WebSocketChannelHandler channelClosed\nINFO: Websocket client disconnected\n"}}
[debug] [2026-07-19T09:53:56.539Z] Jul 19, 2026 11:53:56 AM io.gapi.emulators.netty.HttpVersionRoutingHandler channelRead
INFO: Detected non-HTTP/2 connection.
 {"metadata":{"emulator":{"name":"firestore"},"message":"Jul 19, 2026 11:53:56 AM io.gapi.emulators.netty.HttpVersionRoutingHandler channelRead\nINFO: Detected non-HTTP/2 connection.\n"}}
[debug] [2026-07-19T09:53:56.564Z] Jul 19, 2026 11:53:56 AM io.gapi.emulators.netty.HttpVersionRoutingHandler channelRead
INFO: Detected non-HTTP/2 connection.
 {"metadata":{"emulator":{"name":"firestore"},"message":"Jul 19, 2026 11:53:56 AM io.gapi.emulators.netty.HttpVersionRoutingHandler channelRead\nINFO: Detected non-HTTP/2 connection.\n"}}
[debug] [2026-07-19T09:53:56.653Z] Jul 19, 2026 11:53:56 AM io.gapi.emulators.netty.HttpVersionRoutingHandler channelRead
INFO: Detected non-HTTP/2 connection.
 {"metadata":{"emulator":{"name":"firestore"},"message":"Jul 19, 2026 11:53:56 AM io.gapi.emulators.netty.HttpVersionRoutingHandler channelRead\nINFO: Detected non-HTTP/2 connection.\n"}}
[debug] [2026-07-19T09:53:56.679Z] Jul 19, 2026 11:53:56 AM io.gapi.emulators.netty.HttpVersionRoutingHandler channelRead
INFO: Detected non-HTTP/2 connection.
 {"metadata":{"emulator":{"name":"firestore"},"message":"Jul 19, 2026 11:53:56 AM io.gapi.emulators.netty.HttpVersionRoutingHandler channelRead\nINFO: Detected non-HTTP/2 connection.\n"}}
[debug] [2026-07-19T09:53:56.687Z] Jul 19, 2026 11:53:56 AM io.gapi.emulators.netty.HttpVersionRoutingHandler channelRead
INFO: Detected non-HTTP/2 connection.
 {"metadata":{"emulator":{"name":"firestore"},"message":"Jul 19, 2026 11:53:56 AM io.gapi.emulators.netty.HttpVersionRoutingHandler channelRead\nINFO: Detected non-HTTP/2 connection.\n"}}
[debug] [2026-07-19T09:53:56.691Z] Jul 19, 2026 11:53:56 AM io.gapi.emulators.netty.HttpVersionRoutingHandler channelRead
INFO: Detected non-HTTP/2 connection.
 {"metadata":{"emulator":{"name":"firestore"},"message":"Jul 19, 2026 11:53:56 AM io.gapi.emulators.netty.HttpVersionRoutingHandler channelRead\nINFO: Detected non-HTTP/2 connection.\n"}}
[debug] [2026-07-19T09:53:56.737Z] Jul 19, 2026 11:53:56 AM io.gapi.emulators.netty.HttpVersionRoutingHandler channelRead
INFO: Detected non-HTTP/2 connection.
 {"metadata":{"emulator":{"name":"firestore"},"message":"Jul 19, 2026 11:53:56 AM io.gapi.emulators.netty.HttpVersionRoutingHandler channelRead\nINFO: Detected non-HTTP/2 connection.\n"}}
[debug] [2026-07-19T09:53:56.754Z] Jul 19, 2026 11:53:56 AM io.gapi.emulators.netty.HttpVersionRoutingHandler channelRead
INFO: Detected non-HTTP/2 connection.
 {"metadata":{"emulator":{"name":"firestore"},"message":"Jul 19, 2026 11:53:56 AM io.gapi.emulators.netty.HttpVersionRoutingHandler channelRead\nINFO: Detected non-HTTP/2 connection.\n"}}
[debug] [2026-07-19T09:53:56.780Z] Jul 19, 2026 11:53:56 AM io.gapi.emulators.netty.HttpVersionRoutingHandler channelRead
INFO: Detected non-HTTP/2 connection.
 {"metadata":{"emulator":{"name":"firestore"},"message":"Jul 19, 2026 11:53:56 AM io.gapi.emulators.netty.HttpVersionRoutingHandler channelRead\nINFO: Detected non-HTTP/2 connection.\n"}}
[debug] [2026-07-19T10:00:39.943Z] Jul 19, 2026 12:00:39 PM com.google.cloud.datastore.emulator.firestore.websocket.WebSocketChannelHandler initChannel
INFO: Connected to new websocket client
Jul 19, 2026 12:00:39 PM com.google.cloud.datastore.emulator.firestore.websocket.WebSocketChannelHandler initChannel
INFO: Connected to new websocket client
 {"metadata":{"emulator":{"name":"firestore"},"message":"Jul 19, 2026 12:00:39 PM com.google.cloud.datastore.emulator.firestore.websocket.WebSocketChannelHandler initChannel\nINFO: Connected to new websocket client\nJul 19, 2026 12:00:39 PM com.google.cloud.datastore.emulator.firestore.websocket.WebSocketChannelHandler initChannel\nINFO: Connected to new websocket client\n"}}
[debug] [2026-07-19T10:00:54.750Z] Jul 19, 2026 12:00:54 PM io.gapi.emulators.netty.HttpVersionRoutingHandler channelRead
INFO: Detected non-HTTP/2 connection.
 {"metadata":{"emulator":{"name":"firestore"},"message":"Jul 19, 2026 12:00:54 PM io.gapi.emulators.netty.HttpVersionRoutingHandler channelRead\nINFO: Detected non-HTTP/2 connection.\n"}}
[debug] [2026-07-19T10:01:00.260Z] Jul 19, 2026 12:01:00 PM io.gapi.emulators.netty.HttpVersionRoutingHandler channelRead
INFO: Detected non-HTTP/2 connection.
 {"metadata":{"emulator":{"name":"firestore"},"message":"Jul 19, 2026 12:01:00 PM io.gapi.emulators.netty.HttpVersionRoutingHandler channelRead\nINFO: Detected non-HTTP/2 connection.\n"}}
[debug] [2026-07-19T10:01:00.297Z] Jul 19, 2026 12:01:00 PM io.gapi.emulators.netty.HttpVersionRoutingHandler channelRead
INFO: Detected non-HTTP/2 connection.
 {"metadata":{"emulator":{"name":"firestore"},"message":"Jul 19, 2026 12:01:00 PM io.gapi.emulators.netty.HttpVersionRoutingHandler channelRead\nINFO: Detected non-HTTP/2 connection.\n"}}
[debug] [2026-07-19T10:01:00.305Z] Jul 19, 2026 12:01:00 PM io.gapi.emulators.netty.HttpVersionRoutingHandler channelRead
INFO: Detected non-HTTP/2 connection.
 {"metadata":{"emulator":{"name":"firestore"},"message":"Jul 19, 2026 12:01:00 PM io.gapi.emulators.netty.HttpVersionRoutingHandler channelRead\nINFO: Detected non-HTTP/2 connection.\n"}}
[debug] [2026-07-19T10:01:00.308Z] Jul 19, 2026 12:01:00 PM io.gapi.emulators.netty.HttpVersionRoutingHandler channelRead
INFO: Detected non-HTTP/2 connection.
 {"metadata":{"emulator":{"name":"firestore"},"message":"Jul 19, 2026 12:01:00 PM io.gapi.emulators.netty.HttpVersionRoutingHandler channelRead\nINFO: Detected non-HTTP/2 connection.\n"}}
[debug] [2026-07-19T10:01:00.312Z] Jul 19, 2026 12:01:00 PM io.gapi.emulators.netty.HttpVersionRoutingHandler channelRead
INFO: Detected non-HTTP/2 connection.
 {"metadata":{"emulator":{"name":"firestore"},"message":"Jul 19, 2026 12:01:00 PM io.gapi.emulators.netty.HttpVersionRoutingHandler channelRead\nINFO: Detected non-HTTP/2 connection.\n"}}
[debug] [2026-07-19T10:01:00.338Z] Jul 19, 2026 12:01:00 PM io.gapi.emulators.netty.HttpVersionRoutingHandler channelRead
INFO: Detected non-HTTP/2 connection.
 {"metadata":{"emulator":{"name":"firestore"},"message":"Jul 19, 2026 12:01:00 PM io.gapi.emulators.netty.HttpVersionRoutingHandler channelRead\nINFO: Detected non-HTTP/2 connection.\n"}}
[debug] [2026-07-19T10:01:00.353Z] Jul 19, 2026 12:01:00 PM io.gapi.emulators.netty.HttpVersionRoutingHandler channelRead
INFO: Detected non-HTTP/2 connection.
 {"metadata":{"emulator":{"name":"firestore"},"message":"Jul 19, 2026 12:01:00 PM io.gapi.emulators.netty.HttpVersionRoutingHandler channelRead\nINFO: Detected non-HTTP/2 connection.\n"}}
[debug] [2026-07-19T10:01:00.379Z] Jul 19, 2026 12:01:00 PM io.gapi.emulators.netty.HttpVersionRoutingHandler channelRead
INFO: Detected non-HTTP/2 connection.
 {"metadata":{"emulator":{"name":"firestore"},"message":"Jul 19, 2026 12:01:00 PM io.gapi.emulators.netty.HttpVersionRoutingHandler channelRead\nINFO: Detected non-HTTP/2 connection.\n"}}
[debug] [2026-07-19T10:01:10.403Z] Jul 19, 2026 12:01:10 PM io.gapi.emulators.netty.HttpVersionRoutingHandler channelRead
INFO: Detected non-HTTP/2 connection.
 {"metadata":{"emulator":{"name":"firestore"},"message":"Jul 19, 2026 12:01:10 PM io.gapi.emulators.netty.HttpVersionRoutingHandler channelRead\nINFO: Detected non-HTTP/2 connection.\n"}}
[debug] [2026-07-19T10:01:10.408Z] Jul 19, 2026 12:01:10 PM io.gapi.emulators.netty.HttpVersionRoutingHandler channelRead
INFO: Detected non-HTTP/2 connection.
 {"metadata":{"emulator":{"name":"firestore"},"message":"Jul 19, 2026 12:01:10 PM io.gapi.emulators.netty.HttpVersionRoutingHandler channelRead\nINFO: Detected non-HTTP/2 connection.\n"}}
[debug] [2026-07-19T10:01:10.412Z] Jul 19, 2026 12:01:10 PM io.gapi.emulators.netty.HttpVersionRoutingHandler channelRead
INFO: Detected non-HTTP/2 connection.
 {"metadata":{"emulator":{"name":"firestore"},"message":"Jul 19, 2026 12:01:10 PM io.gapi.emulators.netty.HttpVersionRoutingHandler channelRead\nINFO: Detected non-HTTP/2 connection.\n"}}
[debug] [2026-07-19T10:01:10.424Z] Jul 19, 2026 12:01:10 PM io.gapi.emulators.netty.HttpVersionRoutingHandler channelRead
INFO: Detected non-HTTP/2 connection.
 {"metadata":{"emulator":{"name":"firestore"},"message":"Jul 19, 2026 12:01:10 PM io.gapi.emulators.netty.HttpVersionRoutingHandler channelRead\nINFO: Detected non-HTTP/2 connection.\n"}}
[debug] [2026-07-19T10:01:38.316Z] Jul 19, 2026 12:01:38 PM io.gapi.emulators.netty.HttpVersionRoutingHandler channelRead
INFO: Detected non-HTTP/2 connection.
 {"metadata":{"emulator":{"name":"firestore"},"message":"Jul 19, 2026 12:01:38 PM io.gapi.emulators.netty.HttpVersionRoutingHandler channelRead\nINFO: Detected non-HTTP/2 connection.\n"}}
[debug] [2026-07-19T10:01:38.322Z] Jul 19, 2026 12:01:38 PM io.gapi.emulators.netty.HttpVersionRoutingHandler channelRead
INFO: Detected non-HTTP/2 connection.
 {"metadata":{"emulator":{"name":"firestore"},"message":"Jul 19, 2026 12:01:38 PM io.gapi.emulators.netty.HttpVersionRoutingHandler channelRead\nINFO: Detected non-HTTP/2 connection.\n"}}
[debug] [2026-07-19T10:01:38.325Z] Jul 19, 2026 12:01:38 PM io.gapi.emulators.netty.HttpVersionRoutingHandler channelRead
INFO: Detected non-HTTP/2 connection.
 {"metadata":{"emulator":{"name":"firestore"},"message":"Jul 19, 2026 12:01:38 PM io.gapi.emulators.netty.HttpVersionRoutingHandler channelRead\nINFO: Detected non-HTTP/2 connection.\n"}}
[debug] [2026-07-19T10:01:38.358Z] Jul 19, 2026 12:01:38 PM io.gapi.emulators.netty.HttpVersionRoutingHandler channelRead
INFO: Detected non-HTTP/2 connection.
 {"metadata":{"emulator":{"name":"firestore"},"message":"Jul 19, 2026 12:01:38 PM io.gapi.emulators.netty.HttpVersionRoutingHandler channelRead\nINFO: Detected non-HTTP/2 connection.\n"}}
[debug] [2026-07-19T10:01:38.385Z] Jul 19, 2026 12:01:38 PM io.gapi.emulators.netty.HttpVersionRoutingHandler channelRead
INFO: Detected non-HTTP/2 connection.
 {"metadata":{"emulator":{"name":"firestore"},"message":"Jul 19, 2026 12:01:38 PM io.gapi.emulators.netty.HttpVersionRoutingHandler channelRead\nINFO: Detected non-HTTP/2 connection.\n"}}
[debug] [2026-07-19T10:01:38.407Z] Jul 19, 2026 12:01:38 PM io.gapi.emulators.netty.HttpVersionRoutingHandler channelRead
INFO: Detected non-HTTP/2 connection.
 {"metadata":{"emulator":{"name":"firestore"},"message":"Jul 19, 2026 12:01:38 PM io.gapi.emulators.netty.HttpVersionRoutingHandler channelRead\nINFO: Detected non-HTTP/2 connection.\n"}}
[debug] [2026-07-19T10:02:23.426Z] Jul 19, 2026 12:02:23 PM io.gapi.emulators.netty.HttpVersionRoutingHandler channelRead
INFO: Detected non-HTTP/2 connection.
Jul 19, 2026 12:02:23 PM io.gapi.emulators.netty.HttpVersionRoutingHandler channelRead
INFO: Detected non-HTTP/2 connection.
 {"metadata":{"emulator":{"name":"firestore"},"message":"Jul 19, 2026 12:02:23 PM io.gapi.emulators.netty.HttpVersionRoutingHandler channelRead\nINFO: Detected non-HTTP/2 connection.\nJul 19, 2026 12:02:23 PM io.gapi.emulators.netty.HttpVersionRoutingHandler channelRead\nINFO: Detected non-HTTP/2 connection.\n"}}
[debug] [2026-07-19T10:02:38.430Z] Jul 19, 2026 12:02:38 PM io.gapi.emulators.netty.HttpVersionRoutingHandler channelRead
INFO: Detected non-HTTP/2 connection.
 {"metadata":{"emulator":{"name":"firestore"},"message":"Jul 19, 2026 12:02:38 PM io.gapi.emulators.netty.HttpVersionRoutingHandler channelRead\nINFO: Detected non-HTTP/2 connection.\n"}}
[debug] [2026-07-19T10:02:38.432Z] Jul 19, 2026 12:02:38 PM com.google.cloud.datastore.emulator.firestore.webchannel.FirestoreV1WebChannelAdapter$FirestoreWriteHandler onClose
INFO: channel closed
 {"metadata":{"emulator":{"name":"firestore"},"message":"Jul 19, 2026 12:02:38 PM com.google.cloud.datastore.emulator.firestore.webchannel.FirestoreV1WebChannelAdapter$FirestoreWriteHandler onClose\nINFO: channel closed\n"}}
[debug] [2026-07-19T10:03:08.925Z] Jul 19, 2026 12:03:08 PM io.gapi.emulators.netty.HttpVersionRoutingHandler channelRead
INFO: Detected non-HTTP/2 connection.
 {"metadata":{"emulator":{"name":"firestore"},"message":"Jul 19, 2026 12:03:08 PM io.gapi.emulators.netty.HttpVersionRoutingHandler channelRead\nINFO: Detected non-HTTP/2 connection.\n"}}
[debug] [2026-07-19T10:04:08.941Z] Jul 19, 2026 12:04:08 PM io.gapi.emulators.netty.HttpVersionRoutingHandler channelRead
INFO: Detected non-HTTP/2 connection.
 {"metadata":{"emulator":{"name":"firestore"},"message":"Jul 19, 2026 12:04:08 PM io.gapi.emulators.netty.HttpVersionRoutingHandler channelRead\nINFO: Detected non-HTTP/2 connection.\n"}}
